source_type,source_name,source_url,external_id,title,text,url,published_at,collected_at,language,hashtags,engagement,traction_score,raw
rss,Top stories - Google News,https://news.google.com/?hl=en-US&gl=US&ceid=US:en,rss:Top stories - Google News:CBMiWkFVX3lxTE1GU0l6bTlScHhHeVhjaUpDYzFMS2ktYnRsNmVCa0daWXYyVVFER3dVc2pUSWIyX1hPU0xhclR4YTh0OW1qRHBQSXIwdEVQNHh2ZXU2VElraHZkdw,Trump arrives in China for high-stakes meeting with Xi Jinping - BBC,"<ol><li><a href=""https://news.google.com/rss/articles/CBMiWkFVX3lxTE1GU0l6bTlScHhHeVhjaUpDYzFMS2ktYnRsNmVCa0daWXYyVVFER3dVc2pUSWIyX1hPU0xhclR4YTh0OW1qRHBQSXIwdEVQNHh2ZXU2VElraHZkdw?oc=5"" target=""_blank"">Trump arrives in China for high-stakes meeting with Xi Jinping</a>&nbsp;&nbsp;<font color=""#6f6f6f"">BBC</font></li><li><a href=""https://news.google.com/rss/articles/CBMihAFBVV95cUxPZkZuNU9SYTlKZURWWGw1dWd1cVYzX09NRjR5UzI2VXpYVjQ5T1RyUTc1ZE1mX0RqcmEza09KaHdPZzVqNnlBLTh5V1Q5Z3pyNWQ2eDg5blZPN1U1NjdWYUFITjVwbGJEVEoxWjVvY1FJelFjZkMzdm9iWGw2LXdUdHY5cEM?oc=5"" target=""_blank"">How the Trump-Xi meeting became ‘the shrinking summit’</a>&nbsp;&nbsp;<font color=""#6f6f6f"">Politico</font></li><li><a href=""https://news.google.com/rss/articles/CBMixAJBVV95cUxPTEFmWHh2eFB5TFJEYUdDb3VYZEJxSnVTdUNyaFhZbjRDVjBfOFRvdEpYVnpQdTRvSUtyVEExZ2dKTDk5bmIzaDBnbHVYdFdFaDFIM2VOWXZMUWQyUTlpWjJhRENWODBhWUI0NnRZLUN3R1UxRWdyZHBEMkhXbEpkY25OaThieEtSa2JFaC16SkpFRDF5NDhoMDVXd2ZTeWN6aHFJR0Nna2tmZTA2R3pUeUwzaHFWUzRQVlNUOU5WTDRZdE4zcDdtSHZ3RmhmTktkU29QbFhyQndwWWl4OUNLVDZyeDdMWkVDOXIta0VzZWk0VW5vTmhKb1RkeGY1bmJmRldaUmp2bFJGR2RMQzFUVEplaU5WWWZJSGtBclk4ck5DTUNMeGduTEUtZC1LdWxtUWpGWDVjVXlPVVRrWlNka0t5Nnk?oc=5"" target=""_blank"">What’s at stake as Trump meets with China's President Xi for high-level summit</a>&nbsp;&nbsp;<font color=""#6f6f6f"">KOMO</font></li><li><a href=""https://news.google.com/rss/articles/CBMiZ0FVX3lxTFBLSmMybjZnTjlNeUVzYnFOOTZvR21BTzJjSjk5cFVqdHZITkhFYllKS2IwWkw3aVo2NnNsejhuZnFYeUUtV0t3NEtTb3dQVlF3aWQydzJlbWU2WEdIMi1GMHdwZTNvMkE?oc=5"" target=""_blank"">Trump-Xi Meeting Live Updates: Trump Arrives in China for High-Stakes Summit</a>&nbsp;&nbsp;<font color=""#6f6f6f"">WSJ</font></li><li><a href=""https://news.google.com/rss/articles/CBMifEFVX3lxTE5pVWhZXy1Dd2RkMkNQc29iMEJHNGI0WDN6UC12UTlabHYxZnhqeFB5SFhSTG1iemZ0UXBMVlFZTGRlOXFRVmVnUE5naTlGenFhVjJ6ZUtQZWZ4eDFoU0Q2bVp3d0VWYWhrbWhnbktmME5pTmtVNGJmYlF0YULSAYIBQVVfeXFMTnY4R3NWSGR1NFptZFowVWN4V3ZXbzBzS0VWa0ZXUWVmcmFJc0YwbUl2MkpKcmZ5Q2JTLTZ6MVM0SWRHSk1PUmlvakhDWHRZN2toRFB0UkpBRDRMNDJ5QXg1eHp6TURVcDBBT1dpYjlxeGo1YW1rVEd6a3E1RnZ2RXc5UQ?oc=5"" target=""_blank"">Trump arrives in Beijing with CEOs ahead of Xi meetings</a>&nbsp;&nbsp;<font color=""#6f6f6f"">CNBC</font></li></ol>",https://news.google.com/rss/articles/CBMiWkFVX3lxTE1GU0l6bTlScHhHeVhjaUpDYzFMS2ktYnRsNmVCa0daWXYyVVFER3dVc2pUSWIyX1hPU0xhclR4YTh0OW1qRHBQSXIwdEVQNHh2ZXU2VElraHZkdw?oc=5,2026-05-13T13:51:13+00:00,2026-05-13T14:30:48.749120+00:00,en-US,[],{},,"{'feed_url': 'https://news.google.com/rss?hl=en-US&gl=US&ceid=US:en', 'guid': 'CBMiWkFVX3lxTE1GU0l6bTlScHhHeVhjaUpDYzFMS2ktYnRsNmVCa0daWXYyVVFER3dVc2pUSWIyX1hPU0xhclR4YTh0OW1qRHBQSXIwdEVQNHh2ZXU2VElraHZkdw', 'published': 'Wed, 13 May 2026 13:51:13 GMT'}"
rss,Top stories - Google News,https://news.google.com/?hl=en-US&gl=US&ceid=US:en,rss:Top stories - Google News:CBMiogFBVV95cUxNeno3LTFjb0xucHowX3RzQ2dpVENMX2k4eEVpLU9tZjVkRjFRY3hvcXBDaTNraGNtQXFaOExQdV9HTVUySTBqbHZXMVowVEhWanJpOXVBek5yZF9mUWdFMDZtMEJydGxuQ09QLXh3Mm96ZnRjZGV1dHBhRnZyTFBSMmgxSXdoUGFEWXNwbTl0dlgyclkzRTNQUkc3TVAtQ2dpRGc,Gunfire breaks out in Philippine Senate where authorities have tried to arrest a senator - AP News,"<ol><li><a href=""https://news.google.com/rss/articles/CBMiogFBVV95cUxNeno3LTFjb0xucHowX3RzQ2dpVENMX2k4eEVpLU9tZjVkRjFRY3hvcXBDaTNraGNtQXFaOExQdV9HTVUySTBqbHZXMVowVEhWanJpOXVBek5yZF9mUWdFMDZtMEJydGxuQ09QLXh3Mm96ZnRjZGV1dHBhRnZyTFBSMmgxSXdoUGFEWXNwbTl0dlgyclkzRTNQUkc3TVAtQ2dpRGc?oc=5"" target=""_blank"">Gunfire breaks out in Philippine Senate where authorities have tried to arrest a senator</a>&nbsp;&nbsp;<font color=""#6f6f6f"">AP News</font></li><li><a href=""https://news.google.com/rss/articles/CBMigwFBVV95cUxOWm9PVnlNNWFiRThPNzE5YUF0cDI1MzI1N1VsZ3FDekNNMU5nZkVlQlZkNDh4RzVVOVVNTmh3NXQ4LWpZal9BOGZvWDBObjdoN1lIeTRtbTFnXzlqWlpnSmxTMEk5ZTlnVGI0QkFNRVZQTXFnaHMzMzk2eFRUU2hoTFh3SQ?oc=5"" target=""_blank"">Gunshots heard in Philippine Senate, says Senate president</a>&nbsp;&nbsp;<font color=""#6f6f6f"">CNN</font></li><li><a href=""https://news.google.com/rss/articles/CBMinwFBVV95cUxPLVlkT08yREU1UnlXcTFIZ3pMQk9aa1dDak1TR0JwRjN2YTVXbDF2TVMzRTRHdFNTTVJNWTJSUVRXeFdSRUhuQUg5VFV1bWVmWFUyZVdrVEw5SzdQMFhPZVFITVZjQnA2d0QxSzY2ZnJSVEl4blZGcWxNZEZNOWVxLVFjS2lNeUFXYWE0YktIbE0yNmt1cVpEV0RnT1JmR2M?oc=5"" target=""_blank"">Gunshots in Philippines senate where senator is holed up to evade arrest</a>&nbsp;&nbsp;<font color=""#6f6f6f"">The Guardian</font></li><li><a href=""https://news.google.com/rss/articles/CBMiWkFVX3lxTE5TQmxYVkZUQW8xTkg0QVZjVktCVy1KSVd4Q1lSMnk4NE0yR2RPTW41dUdVdjJBbU9seDNXemtYQVJNQTcwc3FtTDMteDd6MjRXR3p3ckRvTHhWZw?oc=5"" target=""_blank"">Bato dela Rosa: Ex-Philippine leader Duterte's drug war enforcer escapes ICC arrest</a>&nbsp;&nbsp;<font color=""#6f6f6f"">BBC</font></li><li><a href=""https://news.google.com/rss/articles/CBMitwFBVV95cUxQNVhMWUh0STc2bVRpbVA2bVViQ193bUw0VXdtdUd5SUJ5dmZjLThiMmFpV0dIT3VvSUd5VThQcHVNaXdSZXN0LUZVSEpWVTZUYlRoMGxHUkMxWkNyNG1Bb3UzNHRSc1pyTjlpS1R4ZXFEeF9RS0ZlaWVFUkk4dzFPZDF2UXFKcGFhejZMenFGVDhlc3VqVjN2d21NQXdzdVlCNG5YQ3JfTmYxOFRaN01tMDlua3lVWUk?oc=5"" target=""_blank"">Situation in the Philippines: ICC judges unseal arrest warrant against Ronald Marapon Dela Rosa for alleged crime against humanity</a>&nbsp;&nbsp;<font color=""#6f6f6f"">| International Criminal Court</font></li></ol>",https://news.google.com/rss/articles/CBMiogFBVV95cUxNeno3LTFjb0xucHowX3RzQ2dpVENMX2k4eEVpLU9tZjVkRjFRY3hvcXBDaTNraGNtQXFaOExQdV9HTVUySTBqbHZXMVowVEhWanJpOXVBek5yZF9mUWdFMDZtMEJydGxuQ09QLXh3Mm96ZnRjZGV1dHBhRnZyTFBSMmgxSXdoUGFEWXNwbTl0dlgyclkzRTNQUkc3TVAtQ2dpRGc?oc=5,2026-05-13T12:33:00+00:00,2026-05-13T14:30:48.749142+00:00,en-US,[],{},,"{'feed_url': 'https://news.google.com/rss?hl=en-US&gl=US&ceid=US:en', 'guid': 'CBMiogFBVV95cUxNeno3LTFjb0xucHowX3RzQ2dpVENMX2k4eEVpLU9tZjVkRjFRY3hvcXBDaTNraGNtQXFaOExQdV9HTVUySTBqbHZXMVowVEhWanJpOXVBek5yZF9mUWdFMDZtMEJydGxuQ09QLXh3Mm96ZnRjZGV1dHBhRnZyTFBSMmgxSXdoUGFEWXNwbTl0dlgyclkzRTNQUkc3TVAtQ2dpRGc', 'published': 'Wed, 13 May 2026 12:33:00 GMT'}"
rss,Top stories - Google News,https://news.google.com/?hl=en-US&gl=US&ceid=US:en,rss:Top stories - Google News:CBMiiAFBVV95cUxNXzJ4cXR4blBJN1l2ZUcwdmZmZEdiVWpFc0ZXQ3FKZ0lxSl9oUUlQR1J3OVZpdWFnb1Z2dVJNV20teTVWWF9NX3R4X1BPSDF3eUc1UmRjLTNiSkE0NmtrSGpsNnM1cDRIMGlhakE3eE9tUURhUllPdWMydjlWaWpKdElkckxDWGgy,‘Irresponsible’: backlash as Utah approves datacenter twice the size of Manhattan - The Guardian,"<ol><li><a href=""https://news.google.com/rss/articles/CBMiiAFBVV95cUxNXzJ4cXR4blBJN1l2ZUcwdmZmZEdiVWpFc0ZXQ3FKZ0lxSl9oUUlQR1J3OVZpdWFnb1Z2dVJNV20teTVWWF9NX3R4X1BPSDF3eUc1UmRjLTNiSkE0NmtrSGpsNnM1cDRIMGlhakE3eE9tUURhUllPdWMydjlWaWpKdElkckxDWGgy?oc=5"" target=""_blank"">‘Irresponsible’: backlash as Utah approves datacenter twice the size of Manhattan</a>&nbsp;&nbsp;<font color=""#6f6f6f"">The Guardian</font></li><li><a href=""https://news.google.com/rss/articles/CBMiigFBVV95cUxPdUEzVFhNSzdsdHlUOXpvd0d0WV9BMFdIM2pmS3RNeUlKWWhINUV2cXFtbGlxQXVKcWFJT2xUQnlCbTFEMmpKZzhsVWkwMmJJWUE5b1ZlZGxjSG1MZ2QyekpIYXR6Nk5HZ2JoM1JrNEsxalVIZDlFMEl1UzcxdGpfV0QweTY2bXhVTXc?oc=5"" target=""_blank"">Water rights request for massive Box Elder data center withdrawn after thousands of Utahns file protests</a>&nbsp;&nbsp;<font color=""#6f6f6f"">The Salt Lake Tribune</font></li><li><a href=""https://news.google.com/rss/articles/CBMihgFBVV95cUxQQkNCbXVHc21sNWJnNW9tRHlvam1NSEthdF94cVF1M1RXNUZTVF9UcV80SGJFaE9uUllLZ0dkMkcxTXV6T05XOXQ2U0NTRTlUNUJxYTh3NG1DR3g1V0VIZW9BXzgzRVl3dXl1M292ak9hZ2hXM05OWEl3Q1pGZE82cW5xUHdMUQ?oc=5"" target=""_blank"">Why Utah residents are protesting a massive AI data center project backed by Kevin O’Leary | CNN Business</a>&nbsp;&nbsp;<font color=""#6f6f6f"">CNN</font></li><li><a href=""https://news.google.com/rss/articles/CBMiuwFBVV95cUxQMkhvQW5oRUFmWDAzMEdPZnl1YWd5cFVRbWNhQkJ3M2hTVzRJbmFwWkxYaU5rX2xlSU45M1AtQVRIcmZlbjVPQnc3dml6cnFuZ2tYZEJBNU1IblJEaUIwNHJwZzI2UEozcnFaUU9oSU95ajZCVmpOOVREZXdTdWFKMnh3T0R5bVNJRHdmd3dldTliRWtlbGFMOUJWc0VvSkI0TGR5TDA0a1FHQU1HcnRuSkRuM1VBQUl5T1d3?oc=5"" target=""_blank"">Shark Tank’s Kevin O’Leary wants to build a massive $100 billion data center in rural Utah. Residents are revolting</a>&nbsp;&nbsp;<font color=""#6f6f6f"">Fortune</font></li><li><a href=""https://news.google.com/rss/articles/CBMid0FVX3lxTE9hdXhqaXo5N1k1YWh2SDBfTU1zV3hNX3ZmZXUwNXl4X3dJS3U1LXRGR0pRUEYyZlpiYzVtNkhJS2NLOW1ROUpHUkZnMnJXOG5Qb3lIaHpTSjBzOHYwMENnZll1SlNlVm5yWi0yaUVrOXYycElKcDhJ?oc=5"" target=""_blank"">Kevin O’Leary says data center campus protesters were ‘bused in’ from out of state</a>&nbsp;&nbsp;<font color=""#6f6f6f"">The Salt Lake Tribune</font></li></ol>",https://news.google.com/rss/articles/CBMiiAFBVV95cUxNXzJ4cXR4blBJN1l2ZUcwdmZmZEdiVWpFc0ZXQ3FKZ0lxSl9oUUlQR1J3OVZpdWFnb1Z2dVJNV20teTVWWF9NX3R4X1BPSDF3eUc1UmRjLTNiSkE0NmtrSGpsNnM1cDRIMGlhakE3eE9tUURhUllPdWMydjlWaWpKdElkckxDWGgy?oc=5,2026-05-13T11:32:00+00:00,2026-05-13T14:30:48.749156+00:00,en-US,[],{},,"{'feed_url': 'https://news.google.com/rss?hl=en-US&gl=US&ceid=US:en', 'guid': 'CBMiiAFBVV95cUxNXzJ4cXR4blBJN1l2ZUcwdmZmZEdiVWpFc0ZXQ3FKZ0lxSl9oUUlQR1J3OVZpdWFnb1Z2dVJNV20teTVWWF9NX3R4X1BPSDF3eUc1UmRjLTNiSkE0NmtrSGpsNnM1cDRIMGlhakE3eE9tUURhUllPdWMydjlWaWpKdElkckxDWGgy', 'published': 'Wed, 13 May 2026 11:32:00 GMT'}"
rss,Top stories - Google News,https://news.google.com/?hl=en-US&gl=US&ceid=US:en,rss:Top stories - Google News:CBMijwFBVV95cUxPUTRHQTVxUGJVUk9wRmRCOU4zS29KR2xUa0I3V0haNHYwQXpkdUE1U3RjZlcxMnZYeVdlNXZKRmZVaFp5UW1ITzY1X2lQdW9acllZZW9yeTZRYWV1OW56d3RCUFA4di1KWUNoUUNrMncySUpDbGZtTnJjSGJyaVVGVnZxN01zR2JyTVYtR0l1UQ,Is the U.S. slipping into 'Competitive Authoritarianism?' - NPR,"<a href=""https://news.google.com/rss/articles/CBMijwFBVV95cUxPUTRHQTVxUGJVUk9wRmRCOU4zS29KR2xUa0I3V0haNHYwQXpkdUE1U3RjZlcxMnZYeVdlNXZKRmZVaFp5UW1ITzY1X2lQdW9acllZZW9yeTZRYWV1OW56d3RCUFA4di1KWUNoUUNrMncySUpDbGZtTnJjSGJyaVVGVnZxN01zR2JyTVYtR0l1UQ?oc=5"" target=""_blank"">Is the U.S. slipping into 'Competitive Authoritarianism?'</a>&nbsp;&nbsp;<font color=""#6f6f6f"">NPR</font>",https://news.google.com/rss/articles/CBMijwFBVV95cUxPUTRHQTVxUGJVUk9wRmRCOU4zS29KR2xUa0I3V0haNHYwQXpkdUE1U3RjZlcxMnZYeVdlNXZKRmZVaFp5UW1ITzY1X2lQdW9acllZZW9yeTZRYWV1OW56d3RCUFA4di1KWUNoUUNrMncySUpDbGZtTnJjSGJyaVVGVnZxN01zR2JyTVYtR0l1UQ?oc=5,2026-05-13T09:00:00+00:00,2026-05-13T14:30:48.749169+00:00,en-US,[],{},,"{'feed_url': 'https://news.google.com/rss?hl=en-US&gl=US&ceid=US:en', 'guid': 'CBMijwFBVV95cUxPUTRHQTVxUGJVUk9wRmRCOU4zS29KR2xUa0I3V0haNHYwQXpkdUE1U3RjZlcxMnZYeVdlNXZKRmZVaFp5UW1ITzY1X2lQdW9acllZZW9yeTZRYWV1OW56d3RCUFA4di1KWUNoUUNrMncySUpDbGZtTnJjSGJyaVVGVnZxN01zR2JyTVYtR0l1UQ', 'published': 'Wed, 13 May 2026 09:00:00 GMT'}"
rss,Top stories - Google News,https://news.google.com/?hl=en-US&gl=US&ceid=US:en,rss:Top stories - Google News:CBMiigFBVV95cUxNekwySVJlRjZqLWRmdHZRd2pyMnY4V3Q1WWd6SlEydFc1cXZXNmZUUUxkVVJ6c3ZheXF0dDBSUk10d3ZPUEc1cThJQXYxZFk2ZUtJbmtBRVdXSU9ramlKMV9saXdyMC1rdGRxdHdTdnVELUt0T2lYejQtMk5hTmREMHdUel9jVFVrZkE,How the Trump administration has undermined the fight against public corruption - NPR,"<ol><li><a href=""https://news.google.com/rss/articles/CBMiigFBVV95cUxNekwySVJlRjZqLWRmdHZRd2pyMnY4V3Q1WWd6SlEydFc1cXZXNmZUUUxkVVJ6c3ZheXF0dDBSUk10d3ZPUEc1cThJQXYxZFk2ZUtJbmtBRVdXSU9ramlKMV9saXdyMC1rdGRxdHdTdnVELUt0T2lYejQtMk5hTmREMHdUel9jVFVrZkE?oc=5"" target=""_blank"">How the Trump administration has undermined the fight against public corruption</a>&nbsp;&nbsp;<font color=""#6f6f6f"">NPR</font></li><li><a href=""https://news.google.com/rss/articles/CBMipgFBVV95cUxQWG94YXNIbnhoYURXRkNleXhNT29TODN6Qk1ES0JudVd4eTJsR2NiNHVmTXV0aTIwY01nZUN1WGNLaExiQjNiZEVYaV96S19XQlc4Yjh6REJienFFNHliOUhZWkYzdnJZTUo3NEt5WHY5ck43aFFReGR3aWVzWFdJbTJEdXBOOVpUMXBnc3FONy0zaG96RUQ0a2lJczgtOGs0V3FRNGRn0gGrAUFVX3lxTE8zNWxxYlc4VFM0SGlHXy1VVDIxWVQxTllSdkRVT3NkaGFJQXNKb2hCMFE4cnJrVmFMZnY4ejJ4LUJ6dVBuckhoTndTT0kzM2lENVMtdXJQMi1FOWJpMzZ3OUR2LTFIUVJlTnU5WHFTU0hjNEt1QWZVWFZQWE1IZV9IQ19YdVl1eEJxME92NEdYaDA0V3RDLVlVZjE5VGRKSDNwS1RTN1Y1M203aw?oc=5"" target=""_blank"">Trump pardon recipients face congressional investigation over ""pay-to-play"" questions</a>&nbsp;&nbsp;<font color=""#6f6f6f"">CBS News</font></li><li><a href=""https://news.google.com/rss/articles/CBMijAJBVV95cUxQTi1rMDB1UlpvUXAxc0d3Y1JRME9fX04yeC04SzBoUlk3VzREVDVyVXpxeERDbzVLM2dMTFhMZ1FRNFhydHJsa1kzNEhzcXFCMldZRGNQMXN5dWxXOFdXWTNCbXJhcEtuMTNlVXRHMWpzNVI3Yk9zaGtSQklWZ0l2bE1Hdms4cXBIM2FXMlQ2d2lnTi0zZkwyeW1CQ3Fid01KRTAzUUd6XzRqbU01NFA0SHZxX3JqcE43OE1BVElVcnlBYWh4YXp1bzlHa3A0SzMzdENnWkstOFBLd1JTeWRVR3FMbEhFc2hxUGdFQlR6ZFk4Mk9MNXp3bFVWcWV4RVpxWl9manlLVjNsdENh?oc=5"" target=""_blank"">Everyone Pardoned By Trump With Political Or Financial Ties To White House—As Democrats Investigate</a>&nbsp;&nbsp;<font color=""#6f6f6f"">Forbes</font></li><li><a href=""https://news.google.com/rss/articles/CBMiWEFVX3lxTE5mV2ViSjh6QmRtcERMY1g3ODRhS3ZZNjlDWU5GVU9xM3YyV3VwZ3Z5SzFPc0U2WHZMLUtHbURlWXVHRnp5SjRLa3lFYjRXZkd1QUxKNDhGeDQ?oc=5"" target=""_blank"">Trump promised Americans impartial justice. Is he delivering?</a>&nbsp;&nbsp;<font color=""#6f6f6f"">NPR</font></li><li><a href=""https://news.google.com/rss/articles/CBMingFBVV95cUxOUzFkMF9ndC1Edy1LUEpITlRrd2hhTDNYNy1VbmRZU0REcHhyeVpYbDhwdGJ2UFU2Z0ZacVJ0OWhJT0FTM3BqZHJYSmxqcG9UU3J3SjhmTkJQQ1FLeDNmYlpSQnpOWGhaZmN2VkJmQUtMdjlsbmlLekxic3lkRWtRMU1wcmxBc2w5NDlkTzdHODYtVUNzU3RZWndONlVhUQ?oc=5"" target=""_blank"">Democratic lawmakers launch probe of Trump’s clemency decisions</a>&nbsp;&nbsp;<font color=""#6f6f6f"">MS NOW</font></li></ol>",https://news.google.com/rss/articles/CBMiigFBVV95cUxNekwySVJlRjZqLWRmdHZRd2pyMnY4V3Q1WWd6SlEydFc1cXZXNmZUUUxkVVJ6c3ZheXF0dDBSUk10d3ZPUEc1cThJQXYxZFk2ZUtJbmtBRVdXSU9ramlKMV9saXdyMC1rdGRxdHdTdnVELUt0T2lYejQtMk5hTmREMHdUel9jVFVrZkE?oc=5,2026-05-13T09:00:00+00:00,2026-05-13T14:30:48.749184+00:00,en-US,[],{},,"{'feed_url': 'https://news.google.com/rss?hl=en-US&gl=US&ceid=US:en', 'guid': 'CBMiigFBVV95cUxNekwySVJlRjZqLWRmdHZRd2pyMnY4V3Q1WWd6SlEydFc1cXZXNmZUUUxkVVJ6c3ZheXF0dDBSUk10d3ZPUEc1cThJQXYxZFk2ZUtJbmtBRVdXSU9ramlKMV9saXdyMC1rdGRxdHdTdnVELUt0T2lYejQtMk5hTmREMHdUel9jVFVrZkE', 'published': 'Wed, 13 May 2026 09:00:00 GMT'}"
rss,Top stories - Google News,https://news.google.com/?hl=en-US&gl=US&ceid=US:en,rss:Top stories - Google News:CBMilgFBVV95cUxNUzJDekpfSEl3QnlvYmVmUzhJeWRPRVJYckFMU2p6b01mWGdPN2NDbEJsemlPTGJ2aThYVk9zZDQ5Z3hrcTlUYWxNNUdNd04yLW1iSW9UTFE5SklSR0JsdTUyQnpWekNJU1J1YWxPSjRIUHVLV2lJVFFfQVRqejRfenlvVC01bEVUWFdVYVpYMExUdUJWakE,Takeaways from the Nebraska election where a winner plans to quit - The Washington Post,"<ol><li><a href=""https://news.google.com/rss/articles/CBMilgFBVV95cUxNUzJDekpfSEl3QnlvYmVmUzhJeWRPRVJYckFMU2p6b01mWGdPN2NDbEJsemlPTGJ2aThYVk9zZDQ5Z3hrcTlUYWxNNUdNd04yLW1iSW9UTFE5SklSR0JsdTUyQnpWekNJU1J1YWxPSjRIUHVLV2lJVFFfQVRqejRfenlvVC01bEVUWFdVYVpYMExUdUJWakE?oc=5"" target=""_blank"">Takeaways from the Nebraska election where a winner plans to quit</a>&nbsp;&nbsp;<font color=""#6f6f6f"">The Washington Post</font></li><li><a href=""https://news.google.com/rss/articles/CBMiqgFBVV95cUxNU0llSHczYnpCYW10Q1BTb3l1dndSMmp5WG1DMTRuVjNVSVpVR1FJN19QYkRzNFVZM1lJYVNzMVVXWjkyQXVUcG8weWZGWkxlZDVzNFNJMkMzNWZGZWdCb3VIeGdaYzJ5UnJDZ1BkNWJUZ25rRU50eHVWNFRsRWlqekJWQkZHU2Z6UlRNMkN3NVA2SVJrYzkxckRZeHNfYXRLQ240bjRXNTVBUQ?oc=5"" target=""_blank"">4 Takeaways From Tuesday’s Primaries in Nebraska and West Virginia</a>&nbsp;&nbsp;<font color=""#6f6f6f"">The New York Times</font></li><li><a href=""https://news.google.com/rss/articles/CBMiowFBVV95cUxOX24zMHc0ZHVCbEJ4RVA4cnhtX3dJOHZpTHpEZndfbWo4OG9vNlJlQU43X1paTy1FUlZMWW8xVnlLcUpiV3NCanRFX1FxQ2hpaFdDV3h2WHJINVU0SnFIMUR4aGZPWFBwbkRqT2RkclBLMmV5RTZHU0NJNGpabU1SUWtwbU9KTW1pMzV1RWxzclhDVUZLSENHdnA5WTVSS21oNnRZ?oc=5"" target=""_blank"">Nebraska Democratic Senate primary winner says she’ll drop out to support independent in general election</a>&nbsp;&nbsp;<font color=""#6f6f6f"">The Guardian</font></li><li><a href=""https://news.google.com/rss/articles/CBMitwFBVV95cUxNRnE0R1VmTl9XQm5JOGV6MWZSLWZrS2luOEJzTTc3dUV5cGkzNW9VVS1KQ3JOazV1SWpmRjl0TXdxcTFJeDktWGpLZHdRTTYxNHhrUXlXVHJnYTlIN0dOdlBsLTk1TWxyUHZmblNHdnFDaGJfcHRQd1ktVmg3YVk5OEJkZWNfb1NjNy1YR1o3bzBObDBMQ2JoTzczMVpSb2IzQVF4UHlpdjhQVGlmT1hRQWpScG9rZVk?oc=5"" target=""_blank"">Democrats pick Nebraska Senate nominee who could drop out and back independent Dan Osborn</a>&nbsp;&nbsp;<font color=""#6f6f6f"">NBC News</font></li><li><a href=""https://news.google.com/rss/articles/CBMiswFBVV95cUxNM0lMc09nS3NNTU1UTnl4TklzcWdoVVNNQTVaUlhQdHZONWxQNk40QWVyR2w5b2NyUHFTZ3ZubG4wVkpZamtaSkh3eC03VHA3WVFBUEx4RWVNYm5nOGd5ZWNjclRESkVWZ1VhZ2lpcEFKbWVSMUgzQ05MSExpVTFxT2psTWFBc1JmYnlaemNzYmlTMV8xempJOHlIZHVNM1hUaGlZa3ZIRzRzN29kZVp0WmJ3QQ?oc=5"" target=""_blank"">Nebraska Dem who will drop out and support Dan Osborn wins Senate primary - Live Updates</a>&nbsp;&nbsp;<font color=""#6f6f6f"">Politico</font></li></ol>",https://news.google.com/rss/articles/CBMilgFBVV95cUxNUzJDekpfSEl3QnlvYmVmUzhJeWRPRVJYckFMU2p6b01mWGdPN2NDbEJsemlPTGJ2aThYVk9zZDQ5Z3hrcTlUYWxNNUdNd04yLW1iSW9UTFE5SklSR0JsdTUyQnpWekNJU1J1YWxPSjRIUHVLV2lJVFFfQVRqejRfenlvVC01bEVUWFdVYVpYMExUdUJWakE?oc=5,2026-05-13T13:32:16+00:00,2026-05-13T14:30:48.749193+00:00,en-US,[],{},,"{'feed_url': 'https://news.google.com/rss?hl=en-US&gl=US&ceid=US:en', 'guid': 'CBMilgFBVV95cUxNUzJDekpfSEl3QnlvYmVmUzhJeWRPRVJYckFMU2p6b01mWGdPN2NDbEJsemlPTGJ2aThYVk9zZDQ5Z3hrcTlUYWxNNUdNd04yLW1iSW9UTFE5SklSR0JsdTUyQnpWekNJU1J1YWxPSjRIUHVLV2lJVFFfQVRqejRfenlvVC01bEVUWFdVYVpYMExUdUJWakE', 'published': 'Wed, 13 May 2026 13:32:16 GMT'}"
rss,Top stories - Google News,https://news.google.com/?hl=en-US&gl=US&ceid=US:en,rss:Top stories - Google News:CBMilgFBVV95cUxOWnJNQ0Z4VHEzczZkcEJRSkFWMFo4Y1NVWjRPcTF3dkcwQm81bWlNLXJRYlY3c0RDMFlNQVFDUVJFZTg3Nno1dDd3YnA0OGJxZ0lHc05VMkxWNjg2ZEs0YzBvRGNaUDhnbTE3eXo3U2VibEFBSkNOeXcwUW5tcmtFWHJobC0xTFpCNEUwSDNwbE9TaVNodUHSAZsBQVVfeXFMUDA5eG5iMTJPMVRhVTJ6dEdQN3dmNWtLU24tU09pR2lOd0Ztdnk5R1hzeGVaakNRODBRZHVOZjZSRU1aVU9aMF9sYmJXVEtGUm5ZTnlDNXZlOEFydWtHYTFicENTY3FPaXhiQXo0Yzc5Q0RyTFBzTUp1UF83SGYzOWlWSV9FTVBFdlpSdEJvcjJZc0RpSXBxMnhMNFU,"U.S. students' ""reading recession"" continuing but some places bucking the trend, report shows - CBS News","<ol><li><a href=""https://news.google.com/rss/articles/CBMilgFBVV95cUxOWnJNQ0Z4VHEzczZkcEJRSkFWMFo4Y1NVWjRPcTF3dkcwQm81bWlNLXJRYlY3c0RDMFlNQVFDUVJFZTg3Nno1dDd3YnA0OGJxZ0lHc05VMkxWNjg2ZEs0YzBvRGNaUDhnbTE3eXo3U2VibEFBSkNOeXcwUW5tcmtFWHJobC0xTFpCNEUwSDNwbE9TaVNodUHSAZsBQVVfeXFMUDA5eG5iMTJPMVRhVTJ6dEdQN3dmNWtLU24tU09pR2lOd0Ztdnk5R1hzeGVaakNRODBRZHVOZjZSRU1aVU9aMF9sYmJXVEtGUm5ZTnlDNXZlOEFydWtHYTFicENTY3FPaXhiQXo0Yzc5Q0RyTFBzTUp1UF83SGYzOWlWSV9FTVBFdlpSdEJvcjJZc0RpSXBxMnhMNFU?oc=5"" target=""_blank"">U.S. students' ""reading recession"" continuing but some places bucking the trend, report shows</a>&nbsp;&nbsp;<font color=""#6f6f6f"">CBS News</font></li><li><a href=""https://news.google.com/rss/articles/CBMiiAFBVV95cUxOWS0yejM2U1A1Tk9VTnRyNnhzSVRfNlg2dy0zTDNRQXpmOUVKbXlrLVBSYzh0RElnQVNiQ0dVcjUxRWh2WUZYdTl5NDdFTTJMc29UbTVwQ3o4ZzNGRmFlcmFNRzR3RTBKSUpxVkRfN214NUFIMmtUdHBqZkVMR21pTTlCREo0YkVL?oc=5"" target=""_blank"">Look Up Your School District’s Test Scores</a>&nbsp;&nbsp;<font color=""#6f6f6f"">The New York Times</font></li><li><a href=""https://news.google.com/rss/articles/CBMimwFBVV95cUxOVmt6Vkk1cHVwM0xEeTMxa1J3UGJRU2Rrc3pCcU45MkJMZ1dubGdxbVpaZUpFYkpjNmw0ZHRZNUFoU3R5ek5yZmFmOXQwRWw3XzJKZ1A5TjZtYlNMQnF3ay03MWtMWnVuSGRmWnI5SXc2VndyUGdGT0E2SmtNY01USDUyVGVja1RJS1piNWtPbV9GYjgydHJHclRyWQ?oc=5"" target=""_blank"">Kids are in a ‘reading recession,’ as test scores continue to decline</a>&nbsp;&nbsp;<font color=""#6f6f6f"">The Hechinger Report</font></li><li><a href=""https://news.google.com/rss/articles/CBMieEFVX3lxTFBwc2lhMmtvdGF2d1pMV2s1VkQzYUVyVUhPR0ROVnAyR196MXlKcmc0WUtidWdxR2tsRGc4SHUxTW9kOHBmZ0kwNTU2Qk9YODdZbkZPckNWSlBrVWtfcXQ2NFZzZHJCTHppNGVkV0RqVURQSDNybTFVVg?oc=5"" target=""_blank"">Kids' test scores began declining way before COVID. These schools are making gains</a>&nbsp;&nbsp;<font color=""#6f6f6f"">NPR</font></li><li><a href=""https://news.google.com/rss/articles/CBMiuwFBVV95cUxPX2NkUGdUZk92aXBIMGY4bzhmNEdTcExBY3puZEtUN0xMUEFCa0x0cDRsdHRVVnBFX1lJTTBfWGxNY2lNS3pZbmZBbUcwMDNNLTlqZHVqNTRFSk9yaVdNTU5DZjE3LS1BM3pLLW50aVV6RVUyM2hjYzI2OXlYYWZBc2JTazJxVm9wSDFpZkl6b1M2VFQ3UnoyU0t1WUdwVWFTVjUtZ1hWVzRLM2E1dFhzelFVRlJRdUN2OTRV?oc=5"" target=""_blank"">The nation’s students are deep in a reading recession. Here’s how L.A. and California fit in</a>&nbsp;&nbsp;<font color=""#6f6f6f"">Los Angeles Times</font></li></ol>",https://news.google.com/rss/articles/CBMilgFBVV95cUxOWnJNQ0Z4VHEzczZkcEJRSkFWMFo4Y1NVWjRPcTF3dkcwQm81bWlNLXJRYlY3c0RDMFlNQVFDUVJFZTg3Nno1dDd3YnA0OGJxZ0lHc05VMkxWNjg2ZEs0YzBvRGNaUDhnbTE3eXo3U2VibEFBSkNOeXcwUW5tcmtFWHJobC0xTFpCNEUwSDNwbE9TaVNodUHSAZsBQVVfeXFMUDA5eG5iMTJPMVRhVTJ6dEdQN3dmNWtLU24tU09pR2lOd0Ztdnk5R1hzeGVaakNRODBRZHVOZjZSRU1aVU9aMF9sYmJXVEtGUm5ZTnlDNXZlOEFydWtHYTFicENTY3FPaXhiQXo0Yzc5Q0RyTFBzTUp1UF83SGYzOWlWSV9FTVBFdlpSdEJvcjJZc0RpSXBxMnhMNFU?oc=5,2026-05-13T11:43:00+00:00,2026-05-13T14:30:48.749202+00:00,en-US,[],{},,"{'feed_url': 'https://news.google.com/rss?hl=en-US&gl=US&ceid=US:en', 'guid': 'CBMilgFBVV95cUxOWnJNQ0Z4VHEzczZkcEJRSkFWMFo4Y1NVWjRPcTF3dkcwQm81bWlNLXJRYlY3c0RDMFlNQVFDUVJFZTg3Nno1dDd3YnA0OGJxZ0lHc05VMkxWNjg2ZEs0YzBvRGNaUDhnbTE3eXo3U2VibEFBSkNOeXcwUW5tcmtFWHJobC0xTFpCNEUwSDNwbE9TaVNodUHSAZsBQVVfeXFMUDA5eG5iMTJPMVRhVTJ6dEdQN3dmNWtLU24tU09pR2lOd0Ztdnk5R1hzeGVaakNRODBRZHVOZjZSRU1aVU9aMF9sYmJXVEtGUm5ZTnlDNXZlOEFydWtHYTFicENTY3FPaXhiQXo0Yzc5Q0RyTFBzTUp1UF83SGYzOWlWSV9FTVBFdlpSdEJvcjJZc0RpSXBxMnhMNFU', 'published': 'Wed, 13 May 2026 11:43:00 GMT'}"
rss,Top stories - Google News,https://news.google.com/?hl=en-US&gl=US&ceid=US:en,rss:Top stories - Google News:CBMiogFBVV95cUxOaWNWczZJOWk4bnVCZXgxOHJYZ2NhYWN1ZEhXam16Z3FIeXJ4STR3dmtmOGVqc2F0SEhqWFVCNFg5N3puYzhQUVRWWkZaNGx0V0lhUHdYNTNEQkZHRjRla09jSExIeWR2Z2l0dVBfVDBXaDZ5dVVuWlBud0YyV2pfSFVVZXZvSHJYNkFhQzRHY0MybWFJbEdqbEtXMVpGX1JJMkE,"10,000 rulings: The courts’ overwhelming rebuke of Trump’s ICE policies - Politico","<ol><li><a href=""https://news.google.com/rss/articles/CBMiogFBVV95cUxOaWNWczZJOWk4bnVCZXgxOHJYZ2NhYWN1ZEhXam16Z3FIeXJ4STR3dmtmOGVqc2F0SEhqWFVCNFg5N3puYzhQUVRWWkZaNGx0V0lhUHdYNTNEQkZHRjRla09jSExIeWR2Z2l0dVBfVDBXaDZ5dVVuWlBud0YyV2pfSFVVZXZvSHJYNkFhQzRHY0MybWFJbEdqbEtXMVpGX1JJMkE?oc=5"" target=""_blank"">10,000 rulings: The courts’ overwhelming rebuke of Trump’s ICE policies</a>&nbsp;&nbsp;<font color=""#6f6f6f"">Politico</font></li><li><a href=""https://news.google.com/rss/articles/CBMimgFBVV95cUxQNGx3NWVGbC1vMFhLXzIzX0t3X3F2OHhOM3JqMkQ3akRDSDFMRzU5S2R4RnBqNms5X2piQ0lkRWlDbjdlVG9kM2tyUUE3QVc0dlV6VEdsa2hRZXBZdDJXVmZUbF83a3hLckdlaGJlVTdtQk0zM3R2Q1Y3SW4wenM3Y0w1dWFxZFhPTDlmNEItWDhYeXRZNFBKTjNR?oc=5"" target=""_blank"">Judges Humiliate Trump by Ruling Against ICE 10,000 Times</a>&nbsp;&nbsp;<font color=""#6f6f6f"">The Daily Beast</font></li><li><a href=""https://news.google.com/rss/articles/CBMisgFBVV95cUxPMzFZOFZOZEtiUFJMRWtmQmxSOVZMYnFHZmJCNVdvRGVIeTFsV1V4WXVRbFJSelBYQlFzZzJsVUNybno0ZlhqVTI1NUw2VW9zR09DSHBfLVdnaXpDYXhWTGV0NlBsN0ZBTHQzN05IQmlZRWVhQWhENThwczFDbzRnb3NxWTI0ZDlDWG1KRXVENXB1N2thTm9YTFktWlFQb0owYXRGTlZzcW5iWWRoZmpYWnlR?oc=5"" target=""_blank"">Philly-based appeals court appears divided over ICE policy of detaining nearly all undocumented immigrants</a>&nbsp;&nbsp;<font color=""#6f6f6f"">Inquirer.com</font></li><li><a href=""https://news.google.com/rss/articles/CBMi7gFBVV95cUxNV2xCb255VWJpeWdBdC10djdPN2RXVGxhWWVNMVh1YlNjc1FoZUFwMC1PcWozcFVycy1oMG1yaC1LTVd0SkJjQlpqemttdUxjRDhTNHVuRDYxOVlHQk1oY2RjVmFaWTBIbEc0dU9MOWlnOFRHVGh0Y2s3QXNkQk81ajZSR1pLOVdrZ0FoRzUzNzV3YXJkOGNfc0lQZmJSdDBZZ0hBMWlTUUVzRzFLVGp2eDA5X2JxQkFGbTNxaW16ZWN2Ui1vU3lpalBtd0JwbTJwSmdlSmRJSjh4QWYzZ3hBYTVIR1ZaN0RNdWItajFB?oc=5"" target=""_blank"">6th Circuit Court: Trump’s “mandatory detention” immigration policy unconstitutional</a>&nbsp;&nbsp;<font color=""#6f6f6f"">Michigan Public</font></li><li><a href=""https://news.google.com/rss/articles/CBMi5wFBVV95cUxPXzZMY2pldndZSHljN3JXd2xUVkZBUktaaGlNNWx4NmlMdFlHcjk1d1N4YXJZN2tNazZiRWNITlFTWG82bTZWZEVWZ1dLM05iSkNpcVBzNFVuUXVrXzltZGEwQUVHOHB1ejNYUFdrcDVLQW0zbGd5dXB6S202V01EYjFVTl95cVJyelJtcnB5NlhMMjNoR3oxSmpkODhOSW1GWjJUOGV2RzZTOGNxUWU0bW5kV0VMVGcxejN2NzB6d0szT1dOUEpSdmVwVDBYYmF4MHViR1o5WE1idHF6a2oyNWZoRGhBVXM?oc=5"" target=""_blank"">Some immigrants face indefinite detention, likely leading to Supreme Court case</a>&nbsp;&nbsp;<font color=""#6f6f6f"">Tucson Sentinel</font></li></ol>",https://news.google.com/rss/articles/CBMiogFBVV95cUxOaWNWczZJOWk4bnVCZXgxOHJYZ2NhYWN1ZEhXam16Z3FIeXJ4STR3dmtmOGVqc2F0SEhqWFVCNFg5N3puYzhQUVRWWkZaNGx0V0lhUHdYNTNEQkZHRjRla09jSExIeWR2Z2l0dVBfVDBXaDZ5dVVuWlBud0YyV2pfSFVVZXZvSHJYNkFhQzRHY0MybWFJbEdqbEtXMVpGX1JJMkE?oc=5,2026-05-13T09:00:00+00:00,2026-05-13T14:30:48.749211+00:00,en-US,[],{},,"{'feed_url': 'https://news.google.com/rss?hl=en-US&gl=US&ceid=US:en', 'guid': 'CBMiogFBVV95cUxOaWNWczZJOWk4bnVCZXgxOHJYZ2NhYWN1ZEhXam16Z3FIeXJ4STR3dmtmOGVqc2F0SEhqWFVCNFg5N3puYzhQUVRWWkZaNGx0V0lhUHdYNTNEQkZHRjRla09jSExIeWR2Z2l0dVBfVDBXaDZ5dVVuWlBud0YyV2pfSFVVZXZvSHJYNkFhQzRHY0MybWFJbEdqbEtXMVpGX1JJMkE', 'published': 'Wed, 13 May 2026 09:00:00 GMT'}"
rss,Top stories - Google News,https://news.google.com/?hl=en-US&gl=US&ceid=US:en,rss:Top stories - Google News:CBMilAFBVV95cUxPZGh5RTBlVXNXb3llVEl1T0VZRDh3bC1WOE9TNWo3VXFSUkRoSHN2NGc5eEZ1ZTBZenVfYXZVa1F1TGxGTERud1F5MVhiT3NxUC13cXNVeGlOTS1TX19CNU41bnZWMGFlTExoMnllSGVjMWNkcjhxVndVVl8xQ29YSllrQ092LWdlTVpGYjA1YlhLQ1hI,"Alabama jail staff didn’t help when she went into labor — other inmates did, lawsuit says - NBC News","<a href=""https://news.google.com/rss/articles/CBMilAFBVV95cUxPZGh5RTBlVXNXb3llVEl1T0VZRDh3bC1WOE9TNWo3VXFSUkRoSHN2NGc5eEZ1ZTBZenVfYXZVa1F1TGxGTERud1F5MVhiT3NxUC13cXNVeGlOTS1TX19CNU41bnZWMGFlTExoMnllSGVjMWNkcjhxVndVVl8xQ29YSllrQ092LWdlTVpGYjA1YlhLQ1hI?oc=5"" target=""_blank"">Alabama jail staff didn’t help when she went into labor — other inmates did, lawsuit says</a>&nbsp;&nbsp;<font color=""#6f6f6f"">NBC News</font>",https://news.google.com/rss/articles/CBMilAFBVV95cUxPZGh5RTBlVXNXb3llVEl1T0VZRDh3bC1WOE9TNWo3VXFSUkRoSHN2NGc5eEZ1ZTBZenVfYXZVa1F1TGxGTERud1F5MVhiT3NxUC13cXNVeGlOTS1TX19CNU41bnZWMGFlTExoMnllSGVjMWNkcjhxVndVVl8xQ29YSllrQ092LWdlTVpGYjA1YlhLQ1hI?oc=5,2026-05-13T09:02:00+00:00,2026-05-13T14:30:48.749220+00:00,en-US,[],{},,"{'feed_url': 'https://news.google.com/rss?hl=en-US&gl=US&ceid=US:en', 'guid': 'CBMilAFBVV95cUxPZGh5RTBlVXNXb3llVEl1T0VZRDh3bC1WOE9TNWo3VXFSUkRoSHN2NGc5eEZ1ZTBZenVfYXZVa1F1TGxGTERud1F5MVhiT3NxUC13cXNVeGlOTS1TX19CNU41bnZWMGFlTExoMnllSGVjMWNkcjhxVndVVl8xQ29YSllrQ092LWdlTVpGYjA1YlhLQ1hI', 'published': 'Wed, 13 May 2026 09:02:00 GMT'}"
rss,Top stories - Google News,https://news.google.com/?hl=en-US&gl=US&ceid=US:en,rss:Top stories - Google News:CBMilwFBVV95cUxNTlgyV2VlXzlLVWQ0QlpFRVFLQmw2V3FTNXJ3bk5MMi0zRGZtX1otWnJtMFNHT3pMaXdsU2s1bVFRbDVZQmRpUi1SNlhEdE1CdnNXZHR3RDZBUElzdy1felcwd01RN2hVaExfdzhaNEYwVjN0eGZ3bWNRcWticGRBSEFaOVZGV2hWeHcwM2xBMUthYV9GcUQ0,FBI Director Kash Patel denies drinking allegations in heated Senate exchange - AP News,"<ol><li><a href=""https://news.google.com/rss/articles/CBMilwFBVV95cUxNTlgyV2VlXzlLVWQ0QlpFRVFLQmw2V3FTNXJ3bk5MMi0zRGZtX1otWnJtMFNHT3pMaXdsU2s1bVFRbDVZQmRpUi1SNlhEdE1CdnNXZHR3RDZBUElzdy1felcwd01RN2hVaExfdzhaNEYwVjN0eGZ3bWNRcWticGRBSEFaOVZGV2hWeHcwM2xBMUthYV9GcUQ0?oc=5"" target=""_blank"">FBI Director Kash Patel denies drinking allegations in heated Senate exchange</a>&nbsp;&nbsp;<font color=""#6f6f6f"">AP News</font></li><li><a href=""https://news.google.com/rss/articles/CBMiiwFBVV95cUxNUUtsQmtad3VERGpuOG1zZUVVeGtnMFZkczk5bTZfVjZtRGljUWg1eXp5RnVaUzBwUHBxMl93UmV6VmpvQ1VlbjZCNWR2V05CUTM2MUpJbkYxdFVYdmpmd0dSQmJTZ0FqMkpkWVZrVHBoem5tM2h1cUNES3hrZEkxSkczMS1Bam9OdU0w?oc=5"" target=""_blank"">Kash Patel Denies Lying and Excessive Drinking in Heated Exchanges With Democrats</a>&nbsp;&nbsp;<font color=""#6f6f6f"">The New York Times</font></li><li><a href=""https://news.google.com/rss/articles/CBMiuwJBVV95cUxQZGNMTXdYWkgtTWstS1JRNWROa2w2UW9fM0VGSFN0d1VtaTZhYjR0bEtXdTY4QnE3aXA3US1TeU50WUlqZTBoT0tzRTZfSkw2ZHRxLXctRmpBUVVrVFhQUFJrNURqS2U2NVpkaEpCZnNLdDlVaWw0d3p5Nm05bE04VUtxODg0ZW5BXzZqUnlDa19RQTROQ1p4cExWVXlSZERFbjBab0RxUDYyMmYtV1BLVlIwLXRRVVdxWGFUaWlucGQtRm5RUkVyYU1udlBVc1BIMUpnRk5zZVJVQWNUQVRiMW82NUJCVEJIdEJaNl92RGhnd212RlEwVUNWZTQyQnBlbHNNbW10MVV3NzdFRUdBNUZjek4wR3lDUzZSQjV1RFBJQjJ4TzZwaTh3R3FRUlJTZ1kwQzd0Q0ZRaEU?oc=5"" target=""_blank"">'Unequivocally false': Patel denies drinking claims in heated Senate exchange</a>&nbsp;&nbsp;<font color=""#6f6f6f"">KATU</font></li><li><a href=""https://news.google.com/rss/articles/CBMilgFBVV95cUxPc2VSRjh6dEc0STktZktoejJxR3lQeTFHLVQ3Z1FNUVFkSXJRU09lOUxCd1RlMDV6MEc4ckNkWXF0eGVjSDFhaDRaRUVZeXp5T1pwMUgtTnE1akpsZmxUYThFbHRSNGVhT2Y2SnNaWjAzbVJGeWRsbm0wRXN3czJZdkpDTTcxdk1JSGR6d3NINjU4S051ZVE?oc=5"" target=""_blank"">Takeaways from FBI Director Kash Patel’s defensive Hill testimony</a>&nbsp;&nbsp;<font color=""#6f6f6f"">CNN</font></li><li><a href=""https://news.google.com/rss/articles/CBMivgFBVV95cUxNSWs5a19KOEtnbWtNTHlXV1NoWThMNzRjeEFYWV9oRWs4dEc2NjVXa0NJV3RLampIeHFQX25xVmtDeU9jVUJrRGhPTFA3NjYzWnZkOVRNVF9vR2g3QTNjbHFWQVduMTY2SEZRNDJzZzZoMU5pVmV3OWZDN1I4TXJFdnhKR2FYaGp0cHhlS002d2k3c2dUN0Q0NDJmdndUcmdsdXBSdU5ValJ4dlpYMXl6bTRRUXBxSklmWDJaMWR3?oc=5"" target=""_blank"">Kash Patel and Democratic senator trade alcohol-related allegations at congressional hearing</a>&nbsp;&nbsp;<font color=""#6f6f6f"">NBC News</font></li></ol>",https://news.google.com/rss/articles/CBMilwFBVV95cUxNTlgyV2VlXzlLVWQ0QlpFRVFLQmw2V3FTNXJ3bk5MMi0zRGZtX1otWnJtMFNHT3pMaXdsU2s1bVFRbDVZQmRpUi1SNlhEdE1CdnNXZHR3RDZBUElzdy1felcwd01RN2hVaExfdzhaNEYwVjN0eGZ3bWNRcWticGRBSEFaOVZGV2hWeHcwM2xBMUthYV9GcUQ0?oc=5,2026-05-13T00:44:00+00:00,2026-05-13T14:30:48.749228+00:00,en-US,[],{},,"{'feed_url': 'https://news.google.com/rss?hl=en-US&gl=US&ceid=US:en', 'guid': 'CBMilwFBVV95cUxNTlgyV2VlXzlLVWQ0QlpFRVFLQmw2V3FTNXJ3bk5MMi0zRGZtX1otWnJtMFNHT3pMaXdsU2s1bVFRbDVZQmRpUi1SNlhEdE1CdnNXZHR3RDZBUElzdy1felcwd01RN2hVaExfdzhaNEYwVjN0eGZ3bWNRcWticGRBSEFaOVZGV2hWeHcwM2xBMUthYV9GcUQ0', 'published': 'Wed, 13 May 2026 00:44:00 GMT'}"
rss,Top stories - Google News,https://news.google.com/?hl=en-US&gl=US&ceid=US:en,rss:Top stories - Google News:CBMiiAFBVV95cUxOMWloV2pvUHdSeVp0bnJfdlg3bGJLWERwMXZsWEVQZ3NKMTZWcXJZN2JBd3VqYXJZXzBHZEZRY29pRW5oWkRpMG53ZWJEenhTc0RsLUl6UXV0RDZHVjkyazJ4YWNhWnlneFNkb0xwSzZQQ3BVamhsSlBGd2hPV3kyOHdQc3RnQlpk0gGOAUFVX3lxTFBZVjIzdks4dmFmZlVhVUhhSUxRRDZ3TWZiS3pBX08wQTU3d2ptbHZZWWNtSXRVNFgzc3FhSDkyY0x3UDFtVHI5OEY3d2tWZFRkTnROU0RYNWVuR0R6ZGEzVGtFbTg5NFZfSjdab2J1ckRGX3NMT1hweS1tcXc1WkdSbjZEWHQyTlcyZ1dyTEE,"U.K. Prime Minister Keir Starmer rejects mounting calls to resign, even from his own party - CBS News","<ol><li><a href=""https://news.google.com/rss/articles/CBMiiAFBVV95cUxOMWloV2pvUHdSeVp0bnJfdlg3bGJLWERwMXZsWEVQZ3NKMTZWcXJZN2JBd3VqYXJZXzBHZEZRY29pRW5oWkRpMG53ZWJEenhTc0RsLUl6UXV0RDZHVjkyazJ4YWNhWnlneFNkb0xwSzZQQ3BVamhsSlBGd2hPV3kyOHdQc3RnQlpk0gGOAUFVX3lxTFBZVjIzdks4dmFmZlVhVUhhSUxRRDZ3TWZiS3pBX08wQTU3d2ptbHZZWWNtSXRVNFgzc3FhSDkyY0x3UDFtVHI5OEY3d2tWZFRkTnROU0RYNWVuR0R6ZGEzVGtFbTg5NFZfSjdab2J1ckRGX3NMT1hweS1tcXc1WkdSbjZEWHQyTlcyZ1dyTEE?oc=5"" target=""_blank"">U.K. Prime Minister Keir Starmer rejects mounting calls to resign, even from his own party</a>&nbsp;&nbsp;<font color=""#6f6f6f"">CBS News</font></li><li><a href=""https://news.google.com/rss/articles/CBMifEFVX3lxTE9DZEZaX2QtNDJaQ0lQRnE2cXAybk11YmMtYXVNamc2eVdQNUZlUGJNZ2VwdzlBZmktdDM3cmpOZ2RRQWZpLTJsWTZ4Qk9WYlVXbVluSm9tZ1dEalJIcEpKUlMzYnhneWdzd2J6eXVWRHc3OUlqY0lYMU5OZVE?oc=5"" target=""_blank"">Who could replace Keir Starmer as Labour leader and Britain’s prime minister?</a>&nbsp;&nbsp;<font color=""#6f6f6f"">CNN</font></li><li><a href=""https://news.google.com/rss/articles/CBMivAFBVV95cUxQeTNiRWdSTTY4b1FRTUhzR2NfdGVpM2ZfMVZGamlUQy1WWC12WVZueW5JWkR2NzR4ekt5NDdGdHhHU3hINHFjN2l0a0lfV3NsM3Nxc25XREVyY2ZuQl95TFh3dHJjdHU3OFpOc2FXUTZGT0tnVGlPMUZTUjJDX1QxN3ZETThTaGVKQ1J0ZkljU19aR0ZhaE9xeWtjNzl3LVpqMEpCeGNZQXNMQjJHZ1lSRndDcy1ESWhGcnpaWA?oc=5"" target=""_blank"">Wes Streeting plans to resign and mount leadership challenge, allies say</a>&nbsp;&nbsp;<font color=""#6f6f6f"">The Guardian</font></li><li><a href=""https://news.google.com/rss/articles/CBMinwFBVV95cUxQWjFNTW9lTmFLREcyYUdNV3NOUVY2YUxsT0JBSnR0U3M4QVRza1Z6eU14ODJRZk9PaUZjVmdDcjZreHc3MjM1M0VCQW5EX1RRQVA5UjdlT3VYdDNmRXY5VTVxRThMcXNaRzJaRGIwY3Y2M1ZJZVBNVE12dGNJeXRPaU1wNmc2Ym9VaVNfS09TM2RPQWlJdV9jRXAxSVRyN3c?oc=5"" target=""_blank"">From Streeting to Burnham, here are Starmer’s rivals to run Britain</a>&nbsp;&nbsp;<font color=""#6f6f6f"">politico.eu</font></li><li><a href=""https://news.google.com/rss/articles/CBMikgFBVV95cUxNbkozWXcwWTlJSkZrWTBrMFdUbHRnbW1oLURxMk9UOE8tNkNOYUlWNHpjQTZLXzc4VnhtbGx2MmVoajBhZmVPaGVkRXNWdDZVX3VEVUJ0ckl4U00wa2VTSS1NQW03VlBhMHBaeUpMV0NxYkJXRm1pM25OSzZBOHAxaXN6dGNPN05UUW1tTkxNVXpfUdIBlwFBVV95cUxPNmVVcEpkSHV1QllEVngza1NabjdtdDJWdXBCX3JtWDlTX1ZVWVhOUGNPemswMUhNbFBGLUYtMGJKaWl1bW8zMVBIUDkwM0RzOGZwU2haN0VpNU8teS1LTEU0WXBia09TVlJ3MDBWUXVsZW9paHVydVE3eXZWdFRFczlMazFZOXB4SHRhNFhQa1kxSWxYRTFF?oc=5"" target=""_blank"">CNBC's UK Exchange newsletter: Starmer’s EU push faces a harsh political reality</a>&nbsp;&nbsp;<font color=""#6f6f6f"">CNBC</font></li></ol>",https://news.google.com/rss/articles/CBMiiAFBVV95cUxOMWloV2pvUHdSeVp0bnJfdlg3bGJLWERwMXZsWEVQZ3NKMTZWcXJZN2JBd3VqYXJZXzBHZEZRY29pRW5oWkRpMG53ZWJEenhTc0RsLUl6UXV0RDZHVjkyazJ4YWNhWnlneFNkb0xwSzZQQ3BVamhsSlBGd2hPV3kyOHdQc3RnQlpk0gGOAUFVX3lxTFBZVjIzdks4dmFmZlVhVUhhSUxRRDZ3TWZiS3pBX08wQTU3d2ptbHZZWWNtSXRVNFgzc3FhSDkyY0x3UDFtVHI5OEY3d2tWZFRkTnROU0RYNWVuR0R6ZGEzVGtFbTg5NFZfSjdab2J1ckRGX3NMT1hweS1tcXc1WkdSbjZEWHQyTlcyZ1dyTEE?oc=5,2026-05-12T17:15:36+00:00,2026-05-13T14:30:48.749237+00:00,en-US,[],{},,"{'feed_url': 'https://news.google.com/rss?hl=en-US&gl=US&ceid=US:en', 'guid': 'CBMiiAFBVV95cUxOMWloV2pvUHdSeVp0bnJfdlg3bGJLWERwMXZsWEVQZ3NKMTZWcXJZN2JBd3VqYXJZXzBHZEZRY29pRW5oWkRpMG53ZWJEenhTc0RsLUl6UXV0RDZHVjkyazJ4YWNhWnlneFNkb0xwSzZQQ3BVamhsSlBGd2hPV3kyOHdQc3RnQlpk0gGOAUFVX3lxTFBZVjIzdks4dmFmZlVhVUhhSUxRRDZ3TWZiS3pBX08wQTU3d2ptbHZZWWNtSXRVNFgzc3FhSDkyY0x3UDFtVHI5OEY3d2tWZFRkTnROU0RYNWVuR0R6ZGEzVGtFbTg5NFZfSjdab2J1ckRGX3NMT1hweS1tcXc1WkdSbjZEWHQyTlcyZ1dyTEE', 'published': 'Tue, 12 May 2026 17:15:36 GMT'}"
rss,Top stories - Google News,https://news.google.com/?hl=en-US&gl=US&ceid=US:en,rss:Top stories - Google News:CBMiVEFVX3lxTE1iYjI4UG13Wm5VTGF6SVBkWWRvQTN4SFctREZDMVl2S0VfRDBLSnJ1YThrWGlWelhWckJueEhHZWVHLTlnS3FYaFp2Y2lVNENRakNSeQ,King Charles unveils government's agenda in King's Speech - BBC,"<ol><li><a href=""https://news.google.com/rss/articles/CBMiVEFVX3lxTE1iYjI4UG13Wm5VTGF6SVBkWWRvQTN4SFctREZDMVl2S0VfRDBLSnJ1YThrWGlWelhWckJueEhHZWVHLTlnS3FYaFp2Y2lVNENRakNSeQ?oc=5"" target=""_blank"">King Charles unveils government's agenda in King's Speech</a>&nbsp;&nbsp;<font color=""#6f6f6f"">BBC</font></li><li><a href=""https://news.google.com/rss/articles/CBMijAFBVV95cUxNcV95dWlOWUs1SVJaSGExWWJscXdiNHBaWkJ4TXdtRGo0a1lMaU1scjNHc0MyYVY5UmVFeTM0V2xTNzJHOEUySERBUmJpZl9JNHQwWm5GMHZyNWZjMmMyWG03azJ5V2pveW9rTW5BTFMzcFJfSDRYWHBRSjlpelZXQmRyV3h6WENoZHNxdw?oc=5"" target=""_blank"">King’s Speech Comes at an Awkward Time for Starmer</a>&nbsp;&nbsp;<font color=""#6f6f6f"">The New York Times</font></li><li><a href=""https://news.google.com/rss/articles/CBMipAFBVV95cUxPMzEyRUhtc1N1akl2bU9QZjRDTzVUdjlSaGx5cHhSZWpmeVYwSFl5SFF0LUVCQzlkc2R3QTdmUmg2OUhHdVlFS2tGeXJjYXRaNUo3WmZRRUQyeDh1clNfRWdSMmxFeV9Hb1BfalF4dlJ0eFdQZVR1M0tGQnF3THZMNkowSHhWUGc1dnFfeE1kMUxfWENfNkRpU2hXb0FCSkxUdGhaaQ?oc=5"" target=""_blank"">King Charles III lays out UK government agenda as Starmer's job hangs in the balance</a>&nbsp;&nbsp;<font color=""#6f6f6f"">Dallas News</font></li><li><a href=""https://news.google.com/rss/articles/CBMiV0FVX3lxTFBOcV81Qm53SFVGaTdIODUwN0JFNDNPa1RINm1ON1BKaF9zd0pvY20zQmdrSHlOcE9BVjFBZUJESVE1WVVFS19DNEpELXpCVm0xekg2QmxNVQ?oc=5"" target=""_blank"">Watch: Pomp and ceremony as King delivers speech in Parliament</a>&nbsp;&nbsp;<font color=""#6f6f6f"">BBC</font></li><li><a href=""https://news.google.com/rss/articles/CBMigAFBVV95cUxNcWdtMHpKaXdVTC1hY2IxeGVMWHZwdU04Nms3cHRoQkFjNHgybFdUeWtBd2N6SFVTRGpqN3dBdFJ0bWhRVl9XNEM5b1h0TjR1ZE43VEhvU0RCTTFxT1B5S3VTN255Mk95dlU2MEZ2UHNhUWV1ejU4ajhNZ0lCZG84ddIBhgFBVV95cUxPRjNxQkZKZXlzZDZHLWc3YVhLaHBXMWwtMG9BNGljWmw3X1dQbE5nLXVhZmtmQVdmNG5JT1hNTWZsVDVGb25yMDhJSTd0RWxaZ0tLUUw2TGFmbldjVi11dkpqX3FGRWNoOTRCZkpsX2h3Uzk0bkRfcmczV0VBN2JwR2dzUWlLdw?oc=5"" target=""_blank"">'Bond markets on edge' as King Charles sets out fragile UK government's agenda</a>&nbsp;&nbsp;<font color=""#6f6f6f"">CNBC</font></li></ol>",https://news.google.com/rss/articles/CBMiVEFVX3lxTE1iYjI4UG13Wm5VTGF6SVBkWWRvQTN4SFctREZDMVl2S0VfRDBLSnJ1YThrWGlWelhWckJueEhHZWVHLTlnS3FYaFp2Y2lVNENRakNSeQ?oc=5,2026-05-13T11:11:36+00:00,2026-05-13T14:30:48.749246+00:00,en-US,[],{},,"{'feed_url': 'https://news.google.com/rss?hl=en-US&gl=US&ceid=US:en', 'guid': 'CBMiVEFVX3lxTE1iYjI4UG13Wm5VTGF6SVBkWWRvQTN4SFctREZDMVl2S0VfRDBLSnJ1YThrWGlWelhWckJueEhHZWVHLTlnS3FYaFp2Y2lVNENRakNSeQ', 'published': 'Wed, 13 May 2026 11:11:36 GMT'}"
rss,Top stories - Google News,https://news.google.com/?hl=en-US&gl=US&ceid=US:en,rss:Top stories - Google News:CBMirAFBVV95cUxPOHhxaWpIQ3RXM2RTdGhwSUNrdXlCSVNjUlRQZ1RmMklncFRzcEdicng2MmRIRVQtampsVFlLWmw1aUtuejlhQl9TYWdGODl3clVxTDNfVzhJSWJ2UlpacWZYN0RjbHU2eVQweUJHN2ZGVW9iRURDZjJtRkhzTDNyWVVNcmJBWS1YbVFCeTVYZE84bmthN1l5MFBDSndlQXNtUUtXcnF0a3BhWHV0,Are These the Bones of the Fourth Musketeer? This Dutch Village Hopes So. - The New York Times,"<a href=""https://news.google.com/rss/articles/CBMirAFBVV95cUxPOHhxaWpIQ3RXM2RTdGhwSUNrdXlCSVNjUlRQZ1RmMklncFRzcEdicng2MmRIRVQtampsVFlLWmw1aUtuejlhQl9TYWdGODl3clVxTDNfVzhJSWJ2UlpacWZYN0RjbHU2eVQweUJHN2ZGVW9iRURDZjJtRkhzTDNyWVVNcmJBWS1YbVFCeTVYZE84bmthN1l5MFBDSndlQXNtUUtXcnF0a3BhWHV0?oc=5"" target=""_blank"">Are These the Bones of the Fourth Musketeer? This Dutch Village Hopes So.</a>&nbsp;&nbsp;<font color=""#6f6f6f"">The New York Times</font>",https://news.google.com/rss/articles/CBMirAFBVV95cUxPOHhxaWpIQ3RXM2RTdGhwSUNrdXlCSVNjUlRQZ1RmMklncFRzcEdicng2MmRIRVQtampsVFlLWmw1aUtuejlhQl9TYWdGODl3clVxTDNfVzhJSWJ2UlpacWZYN0RjbHU2eVQweUJHN2ZGVW9iRURDZjJtRkhzTDNyWVVNcmJBWS1YbVFCeTVYZE84bmthN1l5MFBDSndlQXNtUUtXcnF0a3BhWHV0?oc=5,2026-05-13T09:01:38+00:00,2026-05-13T14:30:48.749254+00:00,en-US,[],{},,"{'feed_url': 'https://news.google.com/rss?hl=en-US&gl=US&ceid=US:en', 'guid': 'CBMirAFBVV95cUxPOHhxaWpIQ3RXM2RTdGhwSUNrdXlCSVNjUlRQZ1RmMklncFRzcEdicng2MmRIRVQtampsVFlLWmw1aUtuejlhQl9TYWdGODl3clVxTDNfVzhJSWJ2UlpacWZYN0RjbHU2eVQweUJHN2ZGVW9iRURDZjJtRkhzTDNyWVVNcmJBWS1YbVFCeTVYZE84bmthN1l5MFBDSndlQXNtUUtXcnF0a3BhWHV0', 'published': 'Wed, 13 May 2026 09:01:38 GMT'}"
rss,Top stories - Google News,https://news.google.com/?hl=en-US&gl=US&ceid=US:en,rss:Top stories - Google News:CBMihwFBVV95cUxPTEhBeEQ2Um12N2JJbW1ueUFKREFNemM2WlpfOGpoZEZlSnF5Ui03cFU0eU1WYUxmcjZ1a3g1NGFaVlpGN1NJclpYaU5KRzZ6ZXdnY1hBeGwzRVBtRXR4MEQ0ZU5IdnVyeHkwTTN2NFhldE9ReWxldmE3dHVCWWlBcGVoM2RnNXc,Britain Has Had 5 Leaders in a Decade. Is It About to Get Another? - The New York Times,"<ol><li><a href=""https://news.google.com/rss/articles/CBMihwFBVV95cUxPTEhBeEQ2Um12N2JJbW1ueUFKREFNemM2WlpfOGpoZEZlSnF5Ui03cFU0eU1WYUxmcjZ1a3g1NGFaVlpGN1NJclpYaU5KRzZ6ZXdnY1hBeGwzRVBtRXR4MEQ0ZU5IdnVyeHkwTTN2NFhldE9ReWxldmE3dHVCWWlBcGVoM2RnNXc?oc=5"" target=""_blank"">Britain Has Had 5 Leaders in a Decade. Is It About to Get Another?</a>&nbsp;&nbsp;<font color=""#6f6f6f"">The New York Times</font></li><li><a href=""https://news.google.com/rss/articles/CBMitgFBVV95cUxOS1VFNXQ2aVN5TGtPZGNpdk5Oajc2eFpnSUduTlJXZTdhaWlyd1YwaUY4ZWU3VTNqbkdsblNPMnRROWZsWElzLUQ3YWd5dGVJaUh4d0t5R0ZLV05vcHpSUVgwS3hKeUt1bVdiV3pndFpsYjJXZUJndGM1RlVsbzZ3UWp0akR3TC1lOG0tTkcwR2lLOWd0VUQ4MG96cGxnSzFaRmdTLXJNV1JQNjlHYXI5U1BDbkxWUQ?oc=5"" target=""_blank"">Does it seem as if almost anyone could be Britain’s next prime minister? Blame David Cameron | Zoe Williams</a>&nbsp;&nbsp;<font color=""#6f6f6f"">The Guardian</font></li><li><a href=""https://news.google.com/rss/articles/CBMinwFBVV95cUxNTWltNUlNdm5KRUptcUY4bVBxczhIa3ZyTV9rMUVNcVI0T1B2b0JaQlFKX3NCU1U1bjgxX0diU08yejBheE42MzR5cDg4LWlKUkhtb1l3OGFhaDA1TURiZFRIX2JjNGRWVjhNczg3dEhpY2Y2X0pLN2NzZmdtdDczOEI0M3U5ZlZmckgtYkVGT0VwZkRpeEs2WFYySTB4d1k?oc=5"" target=""_blank"">Britain isn’t ungovernable, our inept leaders just aren’t up to the job</a>&nbsp;&nbsp;<font color=""#6f6f6f"">The Telegraph</font></li><li><a href=""https://news.google.com/rss/articles/CBMiqgFBVV95cUxNM1Q3WGtremJxd0w0M09GVXBkTEFRVWNXZDRUMlhzM0o1Zml4VkhoX0JQbXRMdFZlTHlmWWdSTmJ6elhCTTFaM1NqSHhzN2J4dExPR2Z3MkFTSVhsdmt1Z192cWd6SkJCZXU3N0FCbzh5U0JDc0pLNVdMYlBvQlg4cW5YbFVBUi1veUptdXBmUjNBUDFmMlRyQkJBZzRfNlVwdW9SbHAyZlFUdw?oc=5"" target=""_blank"">Should the Prime Minister resign? | LBC callers share their thoughts</a>&nbsp;&nbsp;<font color=""#6f6f6f"">lbc.co.uk</font></li><li><a href=""https://news.google.com/rss/articles/CBMiogFBVV95cUxPcmQtWjM5X2Vuby00djlzdk50aWdBcHQtRlJlU3VEZ1JLWXQyV2lUNkdZQmxqSGtDcHJEY3lxd0otNzlSYUdEaW80QzZxaEc2REJ3VlFFQXVSdFdSRVZvTUowWk12RWNfUUhfdUFlSTN1Sm9CNlBOQ01ydWN2STlGQWtxRDZFR2d6N3ByRENDX2ktcHFPQkpJLWphY0xvYlJORXc?oc=5"" target=""_blank"">'Ungovernable' Britain? Once-stable politics in freefall</a>&nbsp;&nbsp;<font color=""#6f6f6f"">France 24</font></li></ol>",https://news.google.com/rss/articles/CBMihwFBVV95cUxPTEhBeEQ2Um12N2JJbW1ueUFKREFNemM2WlpfOGpoZEZlSnF5Ui03cFU0eU1WYUxmcjZ1a3g1NGFaVlpGN1NJclpYaU5KRzZ6ZXdnY1hBeGwzRVBtRXR4MEQ0ZU5IdnVyeHkwTTN2NFhldE9ReWxldmE3dHVCWWlBcGVoM2RnNXc?oc=5,2026-05-13T04:01:15+00:00,2026-05-13T14:30:48.749264+00:00,en-US,[],{},,"{'feed_url': 'https://news.google.com/rss?hl=en-US&gl=US&ceid=US:en', 'guid': 'CBMihwFBVV95cUxPTEhBeEQ2Um12N2JJbW1ueUFKREFNemM2WlpfOGpoZEZlSnF5Ui03cFU0eU1WYUxmcjZ1a3g1NGFaVlpGN1NJclpYaU5KRzZ6ZXdnY1hBeGwzRVBtRXR4MEQ0ZU5IdnVyeHkwTTN2NFhldE9ReWxldmE3dHVCWWlBcGVoM2RnNXc', 'published': 'Wed, 13 May 2026 04:01:15 GMT'}"
rss,Top stories - Google News,https://news.google.com/?hl=en-US&gl=US&ceid=US:en,rss:Top stories - Google News:CBMie0FVX3lxTE1QaGR6aHd0V2pMa09lSTF0MkNrUEk2c0cwNHl6NzZuYThwTDRoTl9oQTVCbXdGUVctMXo5aFFJVEpONk1vclpobEgxVVIxVGJjSURJbjVFVnlfaW5wWkpoOWQ4a0d5UTZBOXpvM0Q0RGs3cjk4V1p3VFBYcw,"Higher gas prices sent wholesale inflation soaring last month, likely signaling more pain ahead for consumers - CNN","<ol><li><a href=""https://news.google.com/rss/articles/CBMie0FVX3lxTE1QaGR6aHd0V2pMa09lSTF0MkNrUEk2c0cwNHl6NzZuYThwTDRoTl9oQTVCbXdGUVctMXo5aFFJVEpONk1vclpobEgxVVIxVGJjSURJbjVFVnlfaW5wWkpoOWQ4a0d5UTZBOXpvM0Q0RGs3cjk4V1p3VFBYcw?oc=5"" target=""_blank"">Higher gas prices sent wholesale inflation soaring last month, likely signaling more pain ahead for consumers</a>&nbsp;&nbsp;<font color=""#6f6f6f"">CNN</font></li><li><a href=""https://news.google.com/rss/articles/CBMieEFVX3lxTE5wYUNyTElpZUlBaGprRDR3cHNvaGhlSGhzNE1yYTN1TEVFYjFaZWNNZEZZWU1LVzc2RXhRWjVTU2plaU54OWZxYnNMUFVZc3BNSll2QVVLbmZoNW9HeFFPWmQ5WkhXMzVpaE0zRVpUZllOeW1zRVlhY9IBfkFVX3lxTE41SmFoNHQ1ZGVwYXl4WjNmZF9rN1VnbGZOb2RYZmxxdWczTFAtTktjeWczVmlwMUsyWER1clpqVmNXdU5sVGxodTd6dGwzdDl6Y3RNX0ZLRWRKOVM4ODRiQkNibVByekZ0WVhLMFRYQXBRemtvbmlOS2dJWTRPQQ?oc=5"" target=""_blank"">Wholesale inflation jumps 6% in April on annual basis, biggest increase since 2022</a>&nbsp;&nbsp;<font color=""#6f6f6f"">CNBC</font></li><li><a href=""https://news.google.com/rss/articles/CBMijwFBVV95cUxPZTVDOHJETWFnVE1ZcFBGcHQ5NHQwLWxXYU5KNzBLXzRJWW1xRlNVR0pyN0lzYmM5eTRhNEhkMVplSGc1X1ZRT2taVkF3dXZ5aXY5TV9KQXJjV3lNMnZSa01sU3lva1ZkbGhGVDBKSnpyVVJDTFZSQXBzQ0U5QVZUM3YtWG5sMlgzQU9Kbmpscw?oc=5"" target=""_blank"">Wholesale Prices Jumped in April, in Latest Sign of War’s Economic Ripples</a>&nbsp;&nbsp;<font color=""#6f6f6f"">The New York Times</font></li><li><a href=""https://news.google.com/rss/articles/CBMihwFBVV95cUxNODdKRTJqQ2dxQng5WjdEUmFuWm0zMmhFTHFPTVZFM3FmTjlJUDB0cTY4bVY4WEZ1alhqVXNaNUgwSDFTOURTLWI2WTN5SzZJM2EwNUlfSDBpZVh1bnJIdWQ2eGswbFVBOXU0d0hDYXVWTDV2dmhvZ1p5MWNSRG8ycnNDakdTY2s?oc=5"" target=""_blank"">Stock Market Today: Wholesale Prices Flash Another Warning Sign on Inflation — Live Updates</a>&nbsp;&nbsp;<font color=""#6f6f6f"">WSJ</font></li><li><a href=""https://news.google.com/rss/articles/CBMioAFBVV95cUxPaFBjQW9pTXdJN0h3WTBlTjBueGVHelY1NjhQUzFUVVdmMU1mUW12NUgtZDlnN1IyQVdLaURPN2cwRE9ZUGRSX0dVeDhlVjZIaU0xNEpKclBrU2w0XzI5Q2VkbkV0Q2tUUzVRcDUtYXJzOGxfaFYtazBSWlVTVlZxdXFpdGxVZmZRb29taXJua2Q0LVlkd3V6UHRvbUlxaEtK?oc=5"" target=""_blank"">US grocery prices rose in April, but gas spikes weren’t the only reason</a>&nbsp;&nbsp;<font color=""#6f6f6f"">AP News</font></li></ol>",https://news.google.com/rss/articles/CBMie0FVX3lxTE1QaGR6aHd0V2pMa09lSTF0MkNrUEk2c0cwNHl6NzZuYThwTDRoTl9oQTVCbXdGUVctMXo5aFFJVEpONk1vclpobEgxVVIxVGJjSURJbjVFVnlfaW5wWkpoOWQ4a0d5UTZBOXpvM0Q0RGs3cjk4V1p3VFBYcw?oc=5,2026-05-13T12:36:33+00:00,2026-05-13T14:30:48.749272+00:00,en-US,[],{},,"{'feed_url': 'https://news.google.com/rss?hl=en-US&gl=US&ceid=US:en', 'guid': 'CBMie0FVX3lxTE1QaGR6aHd0V2pMa09lSTF0MkNrUEk2c0cwNHl6NzZuYThwTDRoTl9oQTVCbXdGUVctMXo5aFFJVEpONk1vclpobEgxVVIxVGJjSURJbjVFVnlfaW5wWkpoOWQ4a0d5UTZBOXpvM0Q0RGs3cjk4V1p3VFBYcw', 'published': 'Wed, 13 May 2026 12:36:33 GMT'}"
rss,Top stories - Google News,https://news.google.com/?hl=en-US&gl=US&ceid=US:en,rss:Top stories - Google News:CBMisAFBVV95cUxOT3NabjROWDFSajNFWGNJSFlkelo4U3o1bWpCZkFnaW13OHlrOVFERUduS0pmWnFQSHVGVmVRSDhqczhwY2o5YzMyUmxCZlJScmJnZFN2RVEzTHhPVW5tSWJYc2wzOTVoTWtUNjVmV0ZXd1E3cVU0RlNQXzNmaVdIVHVCbjJiZ3Q0SDRtY0IwdHJUZzJWOE5hSGZoVlVZX1BoblBFb0dmZTdmUGtxUzNDbA,Nvidia’s Jensen Huang joins other US bosses on Trump trip to China - The Guardian,"<ol><li><a href=""https://news.google.com/rss/articles/CBMisAFBVV95cUxOT3NabjROWDFSajNFWGNJSFlkelo4U3o1bWpCZkFnaW13OHlrOVFERUduS0pmWnFQSHVGVmVRSDhqczhwY2o5YzMyUmxCZlJScmJnZFN2RVEzTHhPVW5tSWJYc2wzOTVoTWtUNjVmV0ZXd1E3cVU0RlNQXzNmaVdIVHVCbjJiZ3Q0SDRtY0IwdHJUZzJWOE5hSGZoVlVZX1BoblBFb0dmZTdmUGtxUzNDbA?oc=5"" target=""_blank"">Nvidia’s Jensen Huang joins other US bosses on Trump trip to China</a>&nbsp;&nbsp;<font color=""#6f6f6f"">The Guardian</font></li><li><a href=""https://news.google.com/rss/articles/CBMilAFBVV95cUxQR3pkWjRKbG0xNk85Rm9LVXRTS016TFdEOXVjTWdIVG5STGFrbzBydUJkamIyMk5aVFd0R2o3SGQ3dVkxVWJzRzktLU53dDFaSGlseXFBaWEtemFNSF96TEt6NTNjVnJBQjRJSmlaQmo5VjJ4S1FBNjA2eEpxd0lzUUxock1IWVRkNi1GNjlzaEIyenE0?oc=5"" target=""_blank"">Nvidia C.E.O. Jensen Huang Hitches Ride With Trump to China After Last-Minute Invite</a>&nbsp;&nbsp;<font color=""#6f6f6f"">The New York Times</font></li><li><a href=""https://news.google.com/rss/articles/CBMijwFBVV95cUxQM1U5Q3BuMDRGMlRPc3VIZHJIUUFjSThzbFNaNUQ2WUVoemhYcTQ0eW9RN3BCeGFNRTZVWUpsVzRzVkYxMjFtX2FDRmlKcjh6ZGNqUjJlclF2RHFHLUFtRmxISG1MMUJXTkwxUkFjQTdTb1JKNUxNdUcxMEZOWUZwdEg3VEJxUk1fa0lZclpCQdIBlAFBVV95cUxOeDBIYWthbmQyYzFKWHN4MGgzYWktWmg5andsNngwZks4V0ZOWW52MVd2bUxKb0pPc0s2OVZrclZRWEE5RFdtQXotVkRraU5BVXVSWC05WGJJY2QybzFlU2JtSkIxTkxRb1ZhbGczdGJVdXA1M2t0dGJ0Mi0tYlg2TkFveHdNZGRaQjZ1R1ZsWmFmcW1V?oc=5"" target=""_blank"">Trump invites Nvidia CEO on China trip after coverage of snub</a>&nbsp;&nbsp;<font color=""#6f6f6f"">The Hill</font></li><li><a href=""https://news.google.com/rss/articles/CBMitgFBVV95cUxNZEMwaVFwS241U3kzWVcxMXZJTnhMdlBjUE9MQm11U0RtNXFJWXZ1VlVzTGNBZ215ZzQzM1phQWZoUHhBejN2YXVORE84dGhXNGxNRHhsT0lJNXFCYndMcmFHQXRqQzh5cEZjUm1Tb0k5cG1sSy1uU1lpa3pHY01DR0VPRjItV1Q1c0RQcVVfT0pPQWZMbkliel9ldXNWZURla19ya3ViSDB3X2RmanpPOUhwNGtrdw?oc=5"" target=""_blank"">US CEOs seek China business gains from Trump-Xi summit</a>&nbsp;&nbsp;<font color=""#6f6f6f"">Reuters</font></li><li><a href=""https://news.google.com/rss/articles/CBMigAFBVV95cUxQanpoSEhSZ3RFSURDeXZKSmRzMnc1cUpTRGdRMDRpZnhScGhBdGhqYW80bmxTRFpmcTJkbDlWanhiU0NDaUw5M2duVVUzSHY5MkhoMkp3c0Z2Tm5PTUdKbEYtWkMzSElINExicW15b2FFRUYtZUJWX2tVb21oS2phYQ?oc=5"" target=""_blank"">Elon Musk Is Expected to Join Trump in China. What It Means for Tesla Stock.</a>&nbsp;&nbsp;<font color=""#6f6f6f"">Barron's</font></li></ol>",https://news.google.com/rss/articles/CBMisAFBVV95cUxOT3NabjROWDFSajNFWGNJSFlkelo4U3o1bWpCZkFnaW13OHlrOVFERUduS0pmWnFQSHVGVmVRSDhqczhwY2o5YzMyUmxCZlJScmJnZFN2RVEzTHhPVW5tSWJYc2wzOTVoTWtUNjVmV0ZXd1E3cVU0RlNQXzNmaVdIVHVCbjJiZ3Q0SDRtY0IwdHJUZzJWOE5hSGZoVlVZX1BoblBFb0dmZTdmUGtxUzNDbA?oc=5,2026-05-13T11:42:00+00:00,2026-05-13T14:30:48.749280+00:00,en-US,[],{},,"{'feed_url': 'https://news.google.com/rss?hl=en-US&gl=US&ceid=US:en', 'guid': 'CBMisAFBVV95cUxOT3NabjROWDFSajNFWGNJSFlkelo4U3o1bWpCZkFnaW13OHlrOVFERUduS0pmWnFQSHVGVmVRSDhqczhwY2o5YzMyUmxCZlJScmJnZFN2RVEzTHhPVW5tSWJYc2wzOTVoTWtUNjVmV0ZXd1E3cVU0RlNQXzNmaVdIVHVCbjJiZ3Q0SDRtY0IwdHJUZzJWOE5hSGZoVlVZX1BoblBFb0dmZTdmUGtxUzNDbA', 'published': 'Wed, 13 May 2026 11:42:00 GMT'}"
rss,Top stories - Google News,https://news.google.com/?hl=en-US&gl=US&ceid=US:en,rss:Top stories - Google News:CBMijAFBVV95cUxPUHhMZU1NVm83ejc2djlMakxwWW5xVXN1TThuUF9iWGVob3NyVGdwbkpJaVpVWk5GQ21MSjhXbmdCSHRXak1qNG1YTWVMWDBmeEtiRzh2Wkp0RjV1dFRjaUxOT0J6S01RMWR3SUl5MzVfSlRSaGhpc0V3RnJidThjWU4taHBIeEFyVm9jWQ,"Congress helped Powell survive Trump. For Kevin Warsh, it could be different. - Politico","<ol><li><a href=""https://news.google.com/rss/articles/CBMijAFBVV95cUxPUHhMZU1NVm83ejc2djlMakxwWW5xVXN1TThuUF9iWGVob3NyVGdwbkpJaVpVWk5GQ21MSjhXbmdCSHRXak1qNG1YTWVMWDBmeEtiRzh2Wkp0RjV1dFRjaUxOT0J6S01RMWR3SUl5MzVfSlRSaGhpc0V3RnJidThjWU4taHBIeEFyVm9jWQ?oc=5"" target=""_blank"">Congress helped Powell survive Trump. For Kevin Warsh, it could be different.</a>&nbsp;&nbsp;<font color=""#6f6f6f"">Politico</font></li><li><a href=""https://news.google.com/rss/articles/CBMijAFBVV95cUxNeTBSSDU1cVdqSGIyV3B1MmtRMkx0Q21VbjRJTVJtdWowZmI1SkhDTUVCU3BCQzNYREJIaDNVcURQdEdkYVNvUlpFZi05ejhOd1hmQThhQTUwYkpzMmxJLUxReGc1Rk5wLXhYeGZIM25ZZkpsd2F4eXFsQmo0TlNmNGtSaW5KclFoUWpzMA?oc=5"" target=""_blank"">Why a Warsh-Led Fed May Keep Interest Rates Steady</a>&nbsp;&nbsp;<font color=""#6f6f6f"">The New York Times</font></li><li><a href=""https://news.google.com/rss/articles/CBMiqgFBVV95cUxQUGE4UUQ2TndRaXFNNmItLTJoMGxWX2Z1SXFuU0NFUzN3SlVHaVZ6ZmlhZmx3R3N5UE10dC1MNmxQNVFvMVk3aXRiSlYzQmllb3Z6VnI0emJQeVA0VEJHYkxQRG9oeDQ3eHpKRFM2ejZLUzh1ZUt0NjlmendoMlpKT01pdEhoVVZ0Nm4tSksxb0RRc2x2cl95U0lmUHU4S1RYTjJQS3g3ckdfQdIBrwFBVV95cUxOMXpmZ3p2SWNMQkRlNWdBMjF4SFRPLVQ0Ti02R052TGtYaVJkUU10VW5JUVdBTFNEZjRiTTNtZU5YTWtHS25UZUxTR3c2NV9KeDhPNElnNXVSTDVsOHNKZ1J6enRWY2VPMXpHc3JhUFA4cDVoYWdCS2RMUFdTdVRXaWpxaWRCWWVuQ25MNDdBVWh5cGg3MWhZUm5ZRzNFaGJmci14TXlVZ1RSWm9ibUxr?oc=5"" target=""_blank"">Senate confirms Kevin Warsh as Fed governor, clears way for chair vote</a>&nbsp;&nbsp;<font color=""#6f6f6f"">CNBC</font></li><li><a href=""https://news.google.com/rss/articles/CBMiogFBVV95cUxNM1pib200bE9HMmQ5NXQtSmUxdkdIbDJ0SXJLVzhvTUZ1MTFQYnNYTFpXbTAzUU5pc0FSWU8teVZpZDhRYTJwbkxHdEJTUkctYjZkcDIxWGkzOGNaNExreXVSMl84X2VYMmJwR2hlSHk5d0FqZ2NjRFdGN1hULU1YLWh6UDczUUpSTUN2U3pDZlRIbG9hbEUyekxQbEZ0VnNrRUE?oc=5"" target=""_blank"">View / The Fed’s most powerful economic lever is losing its edge</a>&nbsp;&nbsp;<font color=""#6f6f6f"">Semafor</font></li><li><a href=""https://news.google.com/rss/articles/CBMinwFBVV95cUxPZHR1SnBWOWYxVjNQdUtrRkZoUjc4aDgxQTNodjBwazZvRVN3SXJHVWQ4LWtNeDI3Q2RiUjY4LTh4RGlyUkFwdUhZYnkwNGpqRENtZ2R4UEMwVGJNSlBkN3BqWTctb3hqdTNjLUxFVGNNTEVHNG5GR1JBMnlXMXNDcVJtd3U2LUk5WHFGZzM5N1E0T0NaNzU2aUd2LXdFdkk?oc=5"" target=""_blank"">Warsh has big plans for the Fed, but results may take time</a>&nbsp;&nbsp;<font color=""#6f6f6f"">Reuters</font></li></ol>",https://news.google.com/rss/articles/CBMijAFBVV95cUxPUHhMZU1NVm83ejc2djlMakxwWW5xVXN1TThuUF9iWGVob3NyVGdwbkpJaVpVWk5GQ21MSjhXbmdCSHRXak1qNG1YTWVMWDBmeEtiRzh2Wkp0RjV1dFRjaUxOT0J6S01RMWR3SUl5MzVfSlRSaGhpc0V3RnJidThjWU4taHBIeEFyVm9jWQ?oc=5,2026-05-13T09:00:00+00:00,2026-05-13T14:30:48.749289+00:00,en-US,[],{},,"{'feed_url': 'https://news.google.com/rss?hl=en-US&gl=US&ceid=US:en', 'guid': 'CBMijAFBVV95cUxPUHhMZU1NVm83ejc2djlMakxwWW5xVXN1TThuUF9iWGVob3NyVGdwbkpJaVpVWk5GQ21MSjhXbmdCSHRXak1qNG1YTWVMWDBmeEtiRzh2Wkp0RjV1dFRjaUxOT0J6S01RMWR3SUl5MzVfSlRSaGhpc0V3RnJidThjWU4taHBIeEFyVm9jWQ', 'published': 'Wed, 13 May 2026 09:00:00 GMT'}"
rss,Top stories - Google News,https://news.google.com/?hl=en-US&gl=US&ceid=US:en,rss:Top stories - Google News:CBMidEFVX3lxTE5zVWRhYjhiZDhzNDd2aUlHSjNFdXNNcFkzV0tqb2pYbVVGWEphZEV4RTU3MmJmdjd6RHE3OUkzNktDNm9fUlZKaTFEX0VQTHpwMEItVHE1MVNZRThfMVdWazI3aXBOUFg5SW5ETnVzMW4zWXRh0gF0QVVfeXFMT2VSUVZ2elZrQWxXbzRGX3NnLVd1bjZOdWw5UHZWY1JMQzJVU2FSSnlxUG1KNmZPWktlbDVEUk1nWXdrUGRubEphMXMtZXlsR1otbm1zVFA3YVF5SE9USzN6cU42Z2JxMWRVT21LcUFHQndicDk,OpenAI boss Sam Altman says Musk wanted control of company - dw.com,"<ol><li><a href=""https://news.google.com/rss/articles/CBMidEFVX3lxTE5zVWRhYjhiZDhzNDd2aUlHSjNFdXNNcFkzV0tqb2pYbVVGWEphZEV4RTU3MmJmdjd6RHE3OUkzNktDNm9fUlZKaTFEX0VQTHpwMEItVHE1MVNZRThfMVdWazI3aXBOUFg5SW5ETnVzMW4zWXRh0gF0QVVfeXFMT2VSUVZ2elZrQWxXbzRGX3NnLVd1bjZOdWw5UHZWY1JMQzJVU2FSSnlxUG1KNmZPWktlbDVEUk1nWXdrUGRubEphMXMtZXlsR1otbm1zVFA3YVF5SE9USzN6cU42Z2JxMWRVT21LcUFHQndicDk?oc=5"" target=""_blank"">OpenAI boss Sam Altman says Musk wanted control of company</a>&nbsp;&nbsp;<font color=""#6f6f6f"">dw.com</font></li><li><a href=""https://news.google.com/rss/articles/CBMivAFBVV95cUxOel9zbWJnNjJrd3lPNXdGQnZ3d1o4OG0weW1DNzNuQTF6QnAwZUtBU0FLWVQyLVFoOXNyM1NneFl4cHA0d1c0NVgzR3pUUjZjcHdWalVYVTVzeHozc1NJcTU2TDNaeUM1THo4TS1kQk5tRV9PRVd0MUhzNHIxU1dpZWRMYkpieEoySzRNdVZLei16ZGZKRFY2OGV4UHdhTzFrclJJck82eUZQZnNsaW12TjZRX2JWd004ZGRUbg?oc=5"" target=""_blank"">Beware what you tell your AI chatbot. It’s not a shrink – it’s a snitch | Arwa Mahdawi</a>&nbsp;&nbsp;<font color=""#6f6f6f"">The Guardian</font></li><li><a href=""https://news.google.com/rss/articles/CBMigwFBVV95cUxQUG5XSmlJV2xjMXdMNmpvbG5SYUdCd3NPWVhjendpRmlBallsSzhKVHNkODItZXZXZ2NvRElKV0pzR3hDMk1FVU94WE9uclBNa09xVEUxSlExR2ZQeG5FSS03blZBNWZUa1pubEQ4UGtLZVRDVFZQdlVlVmlrcUE5RENiaw?oc=5"" target=""_blank"">OpenAI CEO Sam Altman pushes back against Elon Musk during testimony</a>&nbsp;&nbsp;<font color=""#6f6f6f"">Yahoo</font></li><li><a href=""https://news.google.com/rss/articles/CBMiggFBVV95cUxOX1VwVzdNSGlVUVU5VjlMWXFmYjI0dXJ6ZEVPWlk4N1VRMmFQWllNMU1PT2ZjbVZRZ0xlb21HS0NMM2RuMEN1YTI0MHZnM3pFeEJxM3V3aFpEOHhHamE1N0VwR1dxaGNyZEk4NjkxT2JPMlZQZExzdGdWMnJTcUdqTFFn?oc=5"" target=""_blank"">‘Are you completely trustworthy?’: Musk’s attorney presses OpenAI CEO in trial</a>&nbsp;&nbsp;<font color=""#6f6f6f"">CNN</font></li><li><a href=""https://news.google.com/rss/articles/CBMinAFBVV95cUxOQTdfNGdubXJHSmZScE1YcG5HRENpT0pkSG5WNlZJajVCQ2l4QXgxaml5N0M2Nnp1Y3l0S2xQVUpiYzZ3cDFpUlZYdGRTTWxoMTk1aktOei11VjlUamhHbnVnYWt4bkZvVzV0bTd1N0VPLTVtQkVGbC0xSXpEVzhxYmoydTBnUGhTazZTRUlzZDF6T3dCUjUxVGxzYmLSAaIBQVVfeXFMTUVJejBuT3FEZ0JaMW9UUFU4YVgxMVNRX3BHdTBTZVJoeTVtTnFESlhSV3NTSmhBdk5oMEZta2wtbGZuNVhpYm9tWjBDVnJZOHBjYzN5a0lzZ2ZFQVJNeVlUUC1yUWxZTWxsNU9veUhfcTdWa1VvVlg4LXJ1OVY1VE5rNXVTZ1JqRmFNNjJXb2hsRUc3RXVKelBvWGVCWWdwRVFB?oc=5"" target=""_blank"">OpenAI trial recap: Altman testifies he never promised Musk to keep company a nonprofit</a>&nbsp;&nbsp;<font color=""#6f6f6f"">CNBC</font></li></ol>",https://news.google.com/rss/articles/CBMidEFVX3lxTE5zVWRhYjhiZDhzNDd2aUlHSjNFdXNNcFkzV0tqb2pYbVVGWEphZEV4RTU3MmJmdjd6RHE3OUkzNktDNm9fUlZKaTFEX0VQTHpwMEItVHE1MVNZRThfMVdWazI3aXBOUFg5SW5ETnVzMW4zWXRh0gF0QVVfeXFMT2VSUVZ2elZrQWxXbzRGX3NnLVd1bjZOdWw5UHZWY1JMQzJVU2FSSnlxUG1KNmZPWktlbDVEUk1nWXdrUGRubEphMXMtZXlsR1otbm1zVFA3YVF5SE9USzN6cU42Z2JxMWRVT21LcUFHQndicDk?oc=5,2026-05-13T10:56:46+00:00,2026-05-13T14:30:48.749297+00:00,en-US,[],{},,"{'feed_url': 'https://news.google.com/rss?hl=en-US&gl=US&ceid=US:en', 'guid': 'CBMidEFVX3lxTE5zVWRhYjhiZDhzNDd2aUlHSjNFdXNNcFkzV0tqb2pYbVVGWEphZEV4RTU3MmJmdjd6RHE3OUkzNktDNm9fUlZKaTFEX0VQTHpwMEItVHE1MVNZRThfMVdWazI3aXBOUFg5SW5ETnVzMW4zWXRh0gF0QVVfeXFMT2VSUVZ2elZrQWxXbzRGX3NnLVd1bjZOdWw5UHZWY1JMQzJVU2FSSnlxUG1KNmZPWktlbDVEUk1nWXdrUGRubEphMXMtZXlsR1otbm1zVFA3YVF5SE9USzN6cU42Z2JxMWRVT21LcUFHQndicDk', 'published': 'Wed, 13 May 2026 10:56:46 GMT'}"
rss,Top stories - Google News,https://news.google.com/?hl=en-US&gl=US&ceid=US:en,rss:Top stories - Google News:CBMiigFBVV95cUxQTXpSS0NnTUdkQnl6Y3cxU3FLZUt1N0NwVDgycXhGTlNxanFOSWRNMmd6WndwTHVvdmg0dm42cjFIbFlXaHZveE9rRDhjemItem11RmUyNVdWYzFyYnhRaEVIMFZ6RU5hbFd1QUktZTREanU3QUlfTEYydU1tcW11NGtwVEN4QUZDeUE,Sony's Xperia 1 VIII Has Bigger Camera Sensors And A New Look - Engadget,"<ol><li><a href=""https://news.google.com/rss/articles/CBMiigFBVV95cUxQTXpSS0NnTUdkQnl6Y3cxU3FLZUt1N0NwVDgycXhGTlNxanFOSWRNMmd6WndwTHVvdmg0dm42cjFIbFlXaHZveE9rRDhjemItem11RmUyNVdWYzFyYnhRaEVIMFZ6RU5hbFd1QUktZTREanU3QUlfTEYydU1tcW11NGtwVEN4QUZDeUE?oc=5"" target=""_blank"">Sony's Xperia 1 VIII Has Bigger Camera Sensors And A New Look</a>&nbsp;&nbsp;<font color=""#6f6f6f"">Engadget</font></li><li><a href=""https://news.google.com/rss/articles/CBMihAFBVV95cUxNMVBKSTV6NmxKUm91SzZpbXFFV2c2dnhWVFZ4bGlHZmFOekJJcVhpaFlKSzJqRlFUNmtMNjd2SlVCNnFnRy1vWHp5elVhTS10Rjd4RHNxQ3RWTVRsX3Y2NWtabFFMVHRZdHAwZUtxRF9BV25sQ2lBR1AzcElVZENMYmc5N20?oc=5"" target=""_blank"">Sony’s new Xperia phone gets an overdue redesign</a>&nbsp;&nbsp;<font color=""#6f6f6f"">The Verge</font></li><li><a href=""https://news.google.com/rss/articles/CBMiowFBVV95cUxOVW9kWk1pRUhFa0pqUFZFWTBLZG40endMdFJ4YzNaNWVTLTJmZHZGdFlNS1Z0Z1RleV9CYUdqWlNYSVZFTkVlNEcxMEdqbnR0QXlvUmJXcWFCbUctdFJzeVdZYlFVYUFCZW5hZF8wMFRfMXVmZzdEREpMQzlkSWsyREo1MUZ0dXNwUFp0dmNVd3BwUFA2NldJSUZaOXNqYjRiWXhV?oc=5"" target=""_blank"">Sony Xperia 1 VIII vs iPhone 17 Pro: Sample Photos Comparison</a>&nbsp;&nbsp;<font color=""#6f6f6f"">PhoneArena</font></li><li><a href=""https://news.google.com/rss/articles/CBMi9AFBVV95cUxQc1BKRzc3VmhzOWFidEFDT3ltUWN5aWVTcG9MYVdYXzVVVG5RQmladjBqbW1tX2pHUnNtT2lOR3NCdHJMZ3p6UDFDbTFwcC1WblZHZXJrOFAzaEE2LUJBWGduRVptc0ZsRTVRN0lsaG5oRVpWTXlFUXE3MUZqYVplc1FoUlRlZXRYQXF5QmtsOUlxNE42M2VtUFJCMF8yLXVyRWwtRXBITHRFN1pLMW54OVhGd2kyS2VickctY3BrSXhDS0VHTTNUcUNRZW9kVUpJb2JXekpZd2RXQ2VhX3c3UW1PV3JlVmNFZkhpWFlrUXNmeThS?oc=5"" target=""_blank"">Xperia 1 VIII listed on Amazon: Release date, specs, colors, sky-high price revealed; WH1000XM6 headphones with pre-orders</a>&nbsp;&nbsp;<font color=""#6f6f6f"">Notebookcheck</font></li><li><a href=""https://news.google.com/rss/articles/CBMibkFVX3lxTE1FSkVFSG90MVhjUFBUU0FDaEZrUGlPYWF3TXhFWGVrT3hEbkRxYmtqVTFFU1JldkhyY3NVdnplcDZtbmhWQ3pZVmhhSEFFTk85UUxsLXQ2RmRlY0pvN2dlZmpvQ19hdWlWTVdQSC1n?oc=5"" target=""_blank"">Sony Xperia 1 VIII review: Camera, photo and video quality</a>&nbsp;&nbsp;<font color=""#6f6f6f"">GSMArena.com</font></li></ol>",https://news.google.com/rss/articles/CBMiigFBVV95cUxQTXpSS0NnTUdkQnl6Y3cxU3FLZUt1N0NwVDgycXhGTlNxanFOSWRNMmd6WndwTHVvdmg0dm42cjFIbFlXaHZveE9rRDhjemItem11RmUyNVdWYzFyYnhRaEVIMFZ6RU5hbFd1QUktZTREanU3QUlfTEYydU1tcW11NGtwVEN4QUZDeUE?oc=5,2026-05-13T10:11:33+00:00,2026-05-13T14:30:48.749305+00:00,en-US,[],{},,"{'feed_url': 'https://news.google.com/rss?hl=en-US&gl=US&ceid=US:en', 'guid': 'CBMiigFBVV95cUxQTXpSS0NnTUdkQnl6Y3cxU3FLZUt1N0NwVDgycXhGTlNxanFOSWRNMmd6WndwTHVvdmg0dm42cjFIbFlXaHZveE9rRDhjemItem11RmUyNVdWYzFyYnhRaEVIMFZ6RU5hbFd1QUktZTREanU3QUlfTEYydU1tcW11NGtwVEN4QUZDeUE', 'published': 'Wed, 13 May 2026 10:11:33 GMT'}"
rss,Top stories - Google News,https://news.google.com/?hl=en-US&gl=US&ceid=US:en,rss:Top stories - Google News:CBMickFVX3lxTFBxSnFKSzZ1U21OX1dTOE5XZzY1d2tFSDNnQ1YyOXM2Rm1KdnMtYmNWMHBZUjk3LXcyRTRVcHQ4TXFkb3Q4akNNbEpybW5HRzJ5U05qRXhUbThYSDU0RlZQWXVxNFllVGNVeE1hX29CV1diQQ,Google Previews Android 17 With 'Gemini Intelligence' a Month Before Apple's iOS 27 Reveal - MacRumors,"<ol><li><a href=""https://news.google.com/rss/articles/CBMickFVX3lxTFBxSnFKSzZ1U21OX1dTOE5XZzY1d2tFSDNnQ1YyOXM2Rm1KdnMtYmNWMHBZUjk3LXcyRTRVcHQ4TXFkb3Q4akNNbEpybW5HRzJ5U05qRXhUbThYSDU0RlZQWXVxNFllVGNVeE1hX29CV1diQQ?oc=5"" target=""_blank"">Google Previews Android 17 With 'Gemini Intelligence' a Month Before Apple's iOS 27 Reveal</a>&nbsp;&nbsp;<font color=""#6f6f6f"">MacRumors</font></li><li><a href=""https://news.google.com/rss/articles/CBMilAFBVV95cUxPSVFtTnBWY2kxbm9qMmZUaEZ1VTRYTWI4enJISW1veXhMS2p4RTQ4UTV3QmdROFJhV01vdlBoMUhncnlGdldfRmNEN0JxOFVYM2oyajY2OTRySFBDUFdaR3BJTEpGQV9vVG52a2pUdjNQUFVCSHdHR2JIWElsbkRnZVNGR0k3ZWE3ZVRodkNWNzJLMkZN?oc=5"" target=""_blank"">The Android Show: I/O Edition 2026</a>&nbsp;&nbsp;<font color=""#6f6f6f"">blog.google</font></li><li><a href=""https://news.google.com/rss/articles/CBMivgFBVV95cUxNV2x0MVdWTmRjbEpGcEdvbG43M1dsMkRyaVFwVy1QM2YtZ2ZpRTVEWWExQXFNdThnVUwtclUtNm5sX3daQTU5T2d5d3ViOGxKUWxYMUxqajZpdFpybDFydGw3SVFCMGczcERjSUJBQXVvZTlQUnJRckNWR1hseFI5VnBuZklzOEFqRUxMR3FUdE56UW9UOG83eTBmc0oyT3pMYmtkZnhtbzFxeW9kNHJqZlhYcjJubXk0T0RjbjVB?oc=5"" target=""_blank"">Google Is Giving My Phone Habits Just the Right Boost With These 3 New Android Features</a>&nbsp;&nbsp;<font color=""#6f6f6f"">CNET</font></li><li><a href=""https://news.google.com/rss/articles/CBMiqAFBVV95cUxObGZ2Tm5ybERiSlNrMlRKdGNpajIzbG5OYjR6T1M4Tk94WkhkX2R2aUgyZnR6eWoxbkJJcTJEcHJ0OGtNODgxZ2JSX0lZSlJ6V2tPWUJOUlM2ck05T2tHV1lwbm5wM0dxcDdkQ2pqc3htOGVNZURybENoU1FhMEwzbFptbFdndV83LU96ckNsemIxbjBuV1ZxQ05kemtUb3NfSjJxM01idlHSAa4BQVVfeXFMTzdyTDkxYy1VN0lrT2pMX2hQOWR0eHdRbWxiYUliSnY5enlKMmRwQjRSQTgxZl9JWGdBRHlQYU5aQk1uekVESUVvc0I0ZXRVTGI1TERsSXZNZmM1ODZyQnB6VU43NmJwNnc4UHpETTFiZ3FPc2NFVTNoUzdMaE5pRGVrMmVHVE5HVkdXWHJteUVYRFEyY3FGd1BWODJCNTlCTjdyOGpkUzlGVnBBLW5n?oc=5"" target=""_blank"">Google races to put Gemini at the center of Android before Apple’s AI reboot</a>&nbsp;&nbsp;<font color=""#6f6f6f"">CNBC</font></li><li><a href=""https://news.google.com/rss/articles/CBMiqwFBVV95cUxPWTh4Q2dickp1OTk5UmpWamV1bzdjeWtmNGtTYXp4aWlMYm5Hb0N6WXA5TW9oOV8yWDVjajZSdlZfUU9oSExDc1JGUk0zYXBjMmd1eDdOSFJOblBIY3RhaG1yRDFGd3Znd0M5aW1OZnprVjRxbnVNdDFvYklEQ3VYcXF3TEJMalU5SW1uXzY1NGpCUnZnU2F6Ym5udllYZHBXT0pkNWtSZ1BjNVE?oc=5"" target=""_blank"">Google’s ‘Create My Widget’ feature will let you vibe-code your own widgets</a>&nbsp;&nbsp;<font color=""#6f6f6f"">TechCrunch</font></li></ol>",https://news.google.com/rss/articles/CBMickFVX3lxTFBxSnFKSzZ1U21OX1dTOE5XZzY1d2tFSDNnQ1YyOXM2Rm1KdnMtYmNWMHBZUjk3LXcyRTRVcHQ4TXFkb3Q4akNNbEpybW5HRzJ5U05qRXhUbThYSDU0RlZQWXVxNFllVGNVeE1hX29CV1diQQ?oc=5,2026-05-12T19:21:03+00:00,2026-05-13T14:30:48.749313+00:00,en-US,[],{},,"{'feed_url': 'https://news.google.com/rss?hl=en-US&gl=US&ceid=US:en', 'guid': 'CBMickFVX3lxTFBxSnFKSzZ1U21OX1dTOE5XZzY1d2tFSDNnQ1YyOXM2Rm1KdnMtYmNWMHBZUjk3LXcyRTRVcHQ4TXFkb3Q4akNNbEpybW5HRzJ5U05qRXhUbThYSDU0RlZQWXVxNFllVGNVeE1hX29CV1diQQ', 'published': 'Tue, 12 May 2026 19:21:03 GMT'}"
rss,Top stories - Google News,https://news.google.com/?hl=en-US&gl=US&ceid=US:en,rss:Top stories - Google News:CBMigwFBVV95cUxQbWZtYmlDTDYyYjRaajVXRDZmaTVMckV0M3llcGtnM2I1X2Q0ZWN4cklIQ09jeDlLZ1dzZkxrdlMtZGQ5OHFYNlp3Y2s2TldENkRnVmxxNWdmWlNmQ0thbnZ1bXJHTERSZDhLMHFncXhlZVNLWlhsaDE4VWVubk9zMlVvZw,First look at Googlebook: A premium Chromebook alternative for Android users - ZDNET,"<ol><li><a href=""https://news.google.com/rss/articles/CBMigwFBVV95cUxQbWZtYmlDTDYyYjRaajVXRDZmaTVMckV0M3llcGtnM2I1X2Q0ZWN4cklIQ09jeDlLZ1dzZkxrdlMtZGQ5OHFYNlp3Y2s2TldENkRnVmxxNWdmWlNmQ0thbnZ1bXJHTERSZDhLMHFncXhlZVNLWlhsaDE4VWVubk9zMlVvZw?oc=5"" target=""_blank"">First look at Googlebook: A premium Chromebook alternative for Android users</a>&nbsp;&nbsp;<font color=""#6f6f6f"">ZDNET</font></li><li><a href=""https://news.google.com/rss/articles/CBMiUkFVX3lxTFBHRGNqaEY2Z1g3Z3lBaDBPT05Ra2V0aEVfQ0QtSVFLNjl4Qno4UWNfOWdRMjVKeFFPbUVncDdHamNuM0dhZTc5N2FpZTRJQUZ3NlE?oc=5"" target=""_blank"">Shaping the future of AI interaction by reimagining the mouse pointer</a>&nbsp;&nbsp;<font color=""#6f6f6f"">Google DeepMind</font></li><li><a href=""https://news.google.com/rss/articles/CBMiqgFBVV95cUxPWXV6dGs1Rk5hLXd1SjZnRTZQeGtSQXlJUGQxQ1ZDMlhZWThLbTZ0TnV1dW1XX3ZfN19sQ096M2xhVGdmdDNnTFlTQUVhYXZCMTJFSmQzXzQtNmhQMGRpQnZDdnVvTE9sR1ZoT2xrZU1QaU42ZXVLLWJJMnp4bGd0Vjg4UzkxOFVZdE4yUm0xVU0wczdQRlkyQ0F5dzZMdnJxVFFWRld3SWpyUQ?oc=5"" target=""_blank"">Why does the Googlebook exist?</a>&nbsp;&nbsp;<font color=""#6f6f6f"">The Verge</font></li><li><a href=""https://news.google.com/rss/articles/CBMigwFBVV95cUxNTnl3UEd3bi1wWkYwaVNQaW1pZzkwS211QklGMDFhRlFhTHlzeHBBbTJIa1pNQU1WTDVQNzZqSW1icXhZRVVIeVNaSEc1QlZRNGhlNzVpek01aXNVY1NhaVl0eDBqandET2Q4dGdTMHNSMHFvUGJTR2xJeFdWOVBHYWlHVQ?oc=5"" target=""_blank"">Introducing Googlebook, designed for Gemini Intelligence</a>&nbsp;&nbsp;<font color=""#6f6f6f"">blog.google</font></li><li><a href=""https://news.google.com/rss/articles/CBMiwAFBVV95cUxNb3o1a2lDaUdzeFFMQlhDRlQ4elZkcGpfbUgwbkdZUDRab3hBcGpwTVdEZVpqQnRtd2RPSGs2Y0tqcXI5bG1VbTJLaS0zOHNKbDQ4ZHJ3WERZNmRPY0pXTGhxNVdkNEJ2MERrQy1GX3I2aWlmVWVtdHowVllaNDhBM3FuMmZOWVF5VUNQcnU3OF9aQTA5Zm1IRFRJbnJMcHZmRVR4ei1faVN5ekJXRXZHYkVBcW5IQ3psbE1mbC1UeFQ?oc=5"" target=""_blank"">Google’s Android-powered laptops are called Googlebooks, and they’re coming this year</a>&nbsp;&nbsp;<font color=""#6f6f6f"">Ars Technica</font></li></ol>",https://news.google.com/rss/articles/CBMigwFBVV95cUxQbWZtYmlDTDYyYjRaajVXRDZmaTVMckV0M3llcGtnM2I1X2Q0ZWN4cklIQ09jeDlLZ1dzZkxrdlMtZGQ5OHFYNlp3Y2s2TldENkRnVmxxNWdmWlNmQ0thbnZ1bXJHTERSZDhLMHFncXhlZVNLWlhsaDE4VWVubk9zMlVvZw?oc=5,2026-05-12T17:00:00+00:00,2026-05-13T14:30:48.749321+00:00,en-US,[],{},,"{'feed_url': 'https://news.google.com/rss?hl=en-US&gl=US&ceid=US:en', 'guid': 'CBMigwFBVV95cUxQbWZtYmlDTDYyYjRaajVXRDZmaTVMckV0M3llcGtnM2I1X2Q0ZWN4cklIQ09jeDlLZ1dzZkxrdlMtZGQ5OHFYNlp3Y2s2TldENkRnVmxxNWdmWlNmQ0thbnZ1bXJHTERSZDhLMHFncXhlZVNLWlhsaDE4VWVubk9zMlVvZw', 'published': 'Tue, 12 May 2026 17:00:00 GMT'}"
rss,Top stories - Google News,https://news.google.com/?hl=en-US&gl=US&ceid=US:en,rss:Top stories - Google News:CBMiiwFBVV95cUxQZG80NGxNUEpZcFR2UHpSbjNPT1pQMlZhTnVON3VHaVBIY0ZYczRMODR5WE83dy1lclZmSXJ1OGtIb0hsNU1OMGZ0Rm1OdW0taTF4anZ0YVlnWnVoNG9qTWVucUpZT1R3Z29RZXI1b0JjMVctQS03QU94RWNkaGxzQnprT3dJckI3Q2RJ,Amazon’s Panos Panay addresses new Fire phone rumors - The Verge,"<ol><li><a href=""https://news.google.com/rss/articles/CBMiiwFBVV95cUxQZG80NGxNUEpZcFR2UHpSbjNPT1pQMlZhTnVON3VHaVBIY0ZYczRMODR5WE83dy1lclZmSXJ1OGtIb0hsNU1OMGZ0Rm1OdW0taTF4anZ0YVlnWnVoNG9qTWVucUpZT1R3Z29RZXI1b0JjMVctQS03QU94RWNkaGxzQnprT3dJckI3Q2RJ?oc=5"" target=""_blank"">Amazon’s Panos Panay addresses new Fire phone rumors</a>&nbsp;&nbsp;<font color=""#6f6f6f"">The Verge</font></li><li><a href=""https://news.google.com/rss/articles/CBMihAFBVV95cUxPX1BGN3VXRG5HeE80MWd2Qnd6NmJ4eXFvbmRLQzNJX3UyQW1aZkJ5NG9LVDhOM3FGQ3J5SUVWQVMwSi1FaGJkNTRWYnRaNE11QXhabEZaY0czZ09RRkhWSXlOQjdLQXlDbmJ3cXZvS2lYNVZlMEhLbFJjcFYyMVNqSWt4Nm0?oc=5"" target=""_blank"">Amazon’s Panos Panay: We’re not necessarily going after a phone</a>&nbsp;&nbsp;<font color=""#6f6f6f"">Financial Times</font></li><li><a href=""https://news.google.com/rss/articles/CBMiUEFVX3lxTE8wRGFYYnBobXBqZUIzODRETmlwZ2E5anlkb2pNa3I5dEZILUU0Ynd5Y1lJeVZTT1JBN2hrX3ZBWXJNc0hNS2N1Y21qbWRIWmNx?oc=5"" target=""_blank"">Amazon Phones Home</a>&nbsp;&nbsp;<font color=""#6f6f6f"">spyglass.org</font></li><li><a href=""https://news.google.com/rss/articles/CBMiqwFBVV95cUxONEFVN1JrdXJGUXpRUmI0SXFGWUVpa21IT04tbFYtNkNvUUxwdTZDc0EwWDFYOEpwdUVvWTZYX29PQkpDTlptamRmUHE2d1pZUEhzbXpjM1lEdFZ3MnByOUk1TnJnNzJZY1U0U2dpNm1YZmk5SmN0aGM3dDFOSkZvRThKb3Z3TmROOWlEeTVMV0RlSENaRnk0dGt5VThXbV9nb1Q2XzVPcWNRMXc?oc=5"" target=""_blank"">Amazon's devices chief shuts down the Fire Phone sequel rumors</a>&nbsp;&nbsp;<font color=""#6f6f6f"">Android Headlines</font></li><li><a href=""https://news.google.com/rss/articles/CBMiogFBVV95cUxQS1VzcUdxVFJ1TDZ3ZE8tcWJoajMtdEFvNndySTBRSWFIckFxUFgtUHdzNzdKZG1SLVdkR0l1VjlSZ2k4dzZvTXBTbEdqYVc2RTQ1SjBNbkxfZHhSTFloTUVRaHBPYXNobXp2WmE1d0h1VTYyNG1tS0haaHZXdjZqZWhYcGhIOXBXSnlHOVdENGN6c2hNOWIweEFkam9HY2swT0E?oc=5"" target=""_blank"">Amazon Talks New Fire Phone Rumors, But We Still Don’t Know What’s Happening</a>&nbsp;&nbsp;<font color=""#6f6f6f"">PCMag</font></li></ol>",https://news.google.com/rss/articles/CBMiiwFBVV95cUxQZG80NGxNUEpZcFR2UHpSbjNPT1pQMlZhTnVON3VHaVBIY0ZYczRMODR5WE83dy1lclZmSXJ1OGtIb0hsNU1OMGZ0Rm1OdW0taTF4anZ0YVlnWnVoNG9qTWVucUpZT1R3Z29RZXI1b0JjMVctQS03QU94RWNkaGxzQnprT3dJckI3Q2RJ?oc=5,2026-05-13T08:36:42+00:00,2026-05-13T14:30:48.749329+00:00,en-US,[],{},,"{'feed_url': 'https://news.google.com/rss?hl=en-US&gl=US&ceid=US:en', 'guid': 'CBMiiwFBVV95cUxQZG80NGxNUEpZcFR2UHpSbjNPT1pQMlZhTnVON3VHaVBIY0ZYczRMODR5WE83dy1lclZmSXJ1OGtIb0hsNU1OMGZ0Rm1OdW0taTF4anZ0YVlnWnVoNG9qTWVucUpZT1R3Z29RZXI1b0JjMVctQS03QU94RWNkaGxzQnprT3dJckI3Q2RJ', 'published': 'Wed, 13 May 2026 08:36:42 GMT'}"
rss,Top stories - Google News,https://news.google.com/?hl=en-US&gl=US&ceid=US:en,rss:Top stories - Google News:CBMirgFBVV95cUxNWGRsdzI5dkFTYW1QdW1IQUNDay1BdlQzUTBVR3ZvcmNKR08weVhtbnloX0RKNFNjVUJNS193Mzhibm16Vnl5QURKZlVxYU1jd3NXWjl1dHNFRUFTUC1KM0RpY2VJOWdSdTdBa1ZLc2hNdVE2RlQ4X1dQdDFieGFxeFgtVzYzcVhqTWpYUlpVODVNT0dvbUFMbFhpbzVCOGwwalpZdG5teEdUYllhVVE,Jimmy Fallon to Send Viewers to Stephen Colbert for Final ‘Late Show’ - Rolling Stone,"<ol><li><a href=""https://news.google.com/rss/articles/CBMirgFBVV95cUxNWGRsdzI5dkFTYW1QdW1IQUNDay1BdlQzUTBVR3ZvcmNKR08weVhtbnloX0RKNFNjVUJNS193Mzhibm16Vnl5QURKZlVxYU1jd3NXWjl1dHNFRUFTUC1KM0RpY2VJOWdSdTdBa1ZLc2hNdVE2RlQ4X1dQdDFieGFxeFgtVzYzcVhqTWpYUlpVODVNT0dvbUFMbFhpbzVCOGwwalpZdG5teEdUYllhVVE?oc=5"" target=""_blank"">Jimmy Fallon to Send Viewers to Stephen Colbert for Final ‘Late Show’</a>&nbsp;&nbsp;<font color=""#6f6f6f"">Rolling Stone</font></li><li><a href=""https://news.google.com/rss/articles/CBMiigFBVV95cUxOMkdrMFhIQmNDTHROMlJkRkpCZ2s4MVlreGtqeG5UTGZxVWhFUThfLWhMMGkwZ0pReVpVcWhLdW1JbWQwZzAtUXZ3dzM3bXZwNXNrWlJlYm1TbVVKcWdVZmxEd1ZFazlDblpYbDZWWnlBSk1pbDBxUDR2dFQyQ1JFZ0ExWk5IcnNrOUE?oc=5"" target=""_blank"">Stephen Colbert and late night hosts strike again as his show nears finale</a>&nbsp;&nbsp;<font color=""#6f6f6f"">NPR</font></li><li><a href=""https://news.google.com/rss/articles/CBMiwwFBVV95cUxNZGVfR3UwYmxWZUNRNV9HX05FQkp3VWJFTHVSaWIyRjVqUFpqLXI4VGdPM0M1SGVaTTFHdmhTeHJHeXFTd0FtN1FyWXdmR3JYUTVsVlFSYnpieWcxVElRWjl6MklJRTNlUTg1c3VEeFFFNUp3Tkh2djRGYmp3WUM0TjhRM3lDU0VDTFMzcXpEaS1EcWNha3RiUTE3bGhCUGsxRE1pamYtUTlsQW1xdkNmX3VhOHRGUzhUbjVHX2tmVE5zdGc?oc=5"" target=""_blank"">Strike Force Five podcast returns, Colbert talks 'rising tide of emotion'</a>&nbsp;&nbsp;<font color=""#6f6f6f"">USA Today</font></li><li><a href=""https://news.google.com/rss/articles/CBMif0FVX3lxTE5PSFhGVDNwWXZyTUFEM0VKSWtaZG96bExISVNLdGszTkFyWlhacEdtRkpCOTE0NmZRVWVubGlfR0NJaG9tX3JpOUxHYThyeVg2VENqOXRjSzNLOWZ0QzA0Z1kzRGEyWG1EQld0dDVaM2RKOTFlUm5pekZEOF9oRmc?oc=5"" target=""_blank"">Kimmel, Meyers, Fallon, Oliver and Colbert: Why it matters that TV's late night hosts gathered to mourn the demise of 'The Late Show'</a>&nbsp;&nbsp;<font color=""#6f6f6f"">Substack</font></li><li><a href=""https://news.google.com/rss/articles/CBMimwFBVV95cUxQMkJuWElJTlhPRXFBcDA1Mi0zRHByTlZtaUF5WFhBeEhfZ0tGN3Z5UzRLekhmeEl0V2hOU2VncUJJNWJHdFJoMERxUnMtM0NkNV84TjBSa0RGcXNjSmhTT2xHR0RzTGk0OVhOd1FVTjhMZ01qOGRSZ2lDRGw3ak0yZU1UaFNCMl9EbTlkelU1czJaSzhhZFY5NlZESdIBoAFBVV95cUxPNTNDUjVLZTFXZjk1X2l6Ny0tMWNqcGNLTm1uYzU5bGx0ZnFQb1FEc2tFU3pWRkwtSTlUd215Qmd0WGotR1QxVHEtM0VsdzdSMmo1VGFuVFJtZXhtRnctT19MMjBZVU94bkk1bU9mUVhabzZEY09aZWJFMGFHQTdweWJkYmpNUTZfU1dlbjluLVNNb0J2Wm01UWFlSXVIVmxX?oc=5"" target=""_blank"">Jimmy Kimmel will air rerun opposite Stephen Colbert’s ‘Late Show’ finale</a>&nbsp;&nbsp;<font color=""#6f6f6f"">NewsNation</font></li></ol>",https://news.google.com/rss/articles/CBMirgFBVV95cUxNWGRsdzI5dkFTYW1QdW1IQUNDay1BdlQzUTBVR3ZvcmNKR08weVhtbnloX0RKNFNjVUJNS193Mzhibm16Vnl5QURKZlVxYU1jd3NXWjl1dHNFRUFTUC1KM0RpY2VJOWdSdTdBa1ZLc2hNdVE2RlQ4X1dQdDFieGFxeFgtVzYzcVhqTWpYUlpVODVNT0dvbUFMbFhpbzVCOGwwalpZdG5teEdUYllhVVE?oc=5,2026-05-12T21:22:21+00:00,2026-05-13T14:30:48.749339+00:00,en-US,[],{},,"{'feed_url': 'https://news.google.com/rss?hl=en-US&gl=US&ceid=US:en', 'guid': 'CBMirgFBVV95cUxNWGRsdzI5dkFTYW1QdW1IQUNDay1BdlQzUTBVR3ZvcmNKR08weVhtbnloX0RKNFNjVUJNS193Mzhibm16Vnl5QURKZlVxYU1jd3NXWjl1dHNFRUFTUC1KM0RpY2VJOWdSdTdBa1ZLc2hNdVE2RlQ4X1dQdDFieGFxeFgtVzYzcVhqTWpYUlpVODVNT0dvbUFMbFhpbzVCOGwwalpZdG5teEdUYllhVVE', 'published': 'Tue, 12 May 2026 21:22:21 GMT'}"
rss,Top stories - Google News,https://news.google.com/?hl=en-US&gl=US&ceid=US:en,rss:Top stories - Google News:CBMipwFBVV95cUxQX0V3UUM5enRiVUxWRTNJN1NuM0tMVURIeGlSTE5mYVBVVkxCaG52RXc0akF4SnFwajl1VWpUR21waG1MWktGNFU1NUVwTjBsRTM0eS1MNHpaSjBjS09QX3FOUjFKUXdtbUF3RDVTSnh1VEVwYUlKVGhlZGROQWhpVU9aSndHNUVxcGRXNV93bFVHOEM4b2NFZTFNQWI3U0tTbDJrUUw5aw,"Peter Jackson Says ‘I Don’t Dislike’ AI in Film, Explains Not Directing Next ‘Lord of the Rings’ Movie and Claims AI Debate Is Why Andy Serkis Won’t Win an Oscar for Gollum - Variety","<ol><li><a href=""https://news.google.com/rss/articles/CBMipwFBVV95cUxQX0V3UUM5enRiVUxWRTNJN1NuM0tMVURIeGlSTE5mYVBVVkxCaG52RXc0akF4SnFwajl1VWpUR21waG1MWktGNFU1NUVwTjBsRTM0eS1MNHpaSjBjS09QX3FOUjFKUXdtbUF3RDVTSnh1VEVwYUlKVGhlZGROQWhpVU9aSndHNUVxcGRXNV93bFVHOEM4b2NFZTFNQWI3U0tTbDJrUUw5aw?oc=5"" target=""_blank"">Peter Jackson Says ‘I Don’t Dislike’ AI in Film, Explains Not Directing Next ‘Lord of the Rings’ Movie and Claims AI Debate Is Why Andy Serkis Won’t Win an Oscar for Gollum</a>&nbsp;&nbsp;<font color=""#6f6f6f"">Variety</font></li><li><a href=""https://news.google.com/rss/articles/CBMiqwFBVV95cUxPX0pBcy1HOWljSGxNenc4bDZXZHA5a1JabXRxa24wU2JSalJZUUwtQmFqX2NtSDl3RnVYaUhtNjRBNUJVRl94c2VBSmVYOVJkMEJqZFloUVd5Y1ozX19uSFJ2RmJMckxXcnl3RFZzSWtHMWZ1dHItc2tROTcxN1FVdlAzeWVGdmMtc24ybVZwenZLN2dUYlhmMlEtN1BmWm1VNWtjRXlkRTNSczQ?oc=5"" target=""_blank"">'Lord Of The Rings: Hunt For Gollum': Why Andy Serkis Is Directing</a>&nbsp;&nbsp;<font color=""#6f6f6f"">Deadline</font></li><li><a href=""https://news.google.com/rss/articles/CBMiyAFBVV95cUxPOE5RWUd4QXd5eWZDdHhmeERZZ1lTNFcxM2JfQzlxSkFsRUN0bm04REJmTG9LUkpFOXZKVUl0VFF6azlmYnBZdUYzaV9CSTFaWEoyeGNtd0xlYUJJUnhYSHVCcTlTMEZ4R1ZMOV90eE5CUUdNR2ctRUhYQUxhenh6aWFfcjR3T28xYS1yWEcxQjBnTHYtLUV6cG11ZUZVNWtIZDBESmJUaXFuQU1DMjBIZjVqU1ZLN3J6NFo1a1RjaDM3LTktdHVIeA?oc=5"" target=""_blank"">Peter Jackson Talks Upcoming Projects, AI's Role in Filmmaking: ""It's Just a Tool Like Any Other""</a>&nbsp;&nbsp;<font color=""#6f6f6f"">The Hollywood Reporter</font></li><li><a href=""https://news.google.com/rss/articles/CBMinwFBVV95cUxOWkYxRXR4dXBtVW1NS1NqTmg4amhXaFJ3LUY0WUpobktqNURfUkJmOG9lbWJtOXhmQkxHekg0aGlCczdaWmRodDU4Z3JlRTlLN3NQN1ZGUEJKT0ZySTdqM3BrMUo1YTNMSUJNalhxb0lPWjh3bXY5RDdBNEtZN0ZrdWw3VFZQQjc4blNrSG16NW5yMWF5Q2hHdmZSTjdXTVU?oc=5"" target=""_blank"">Peter Jackson writing ‘Tintin’ film while in Cannes: “It’s an active, real thing”</a>&nbsp;&nbsp;<font color=""#6f6f6f"">Screen Daily</font></li><li><a href=""https://news.google.com/rss/articles/CBMilgFBVV95cUxQWk9ld2FMRjlseEJhUmZwYnc3R2xiaVRJUWNiQnpGWDAyZS1RcjdlLTdHQ24tYWdYUG9sS25odlVETi1NMXBrS25vdU9xVGdGWDVlVXo0ZC1qNEduZE8wOVZydEhDSjNNRW9xWDlMSXAwOXhUZ2h5SFhJZXdVbm50WXZpOHZVdGYydzNPRmg5ZWhRcEd0ZFE?oc=5"" target=""_blank"">Peter Jackson explains why he isn't directing The Hunt for Gollum</a>&nbsp;&nbsp;<font color=""#6f6f6f"">Yahoo</font></li></ol>",https://news.google.com/rss/articles/CBMipwFBVV95cUxQX0V3UUM5enRiVUxWRTNJN1NuM0tMVURIeGlSTE5mYVBVVkxCaG52RXc0akF4SnFwajl1VWpUR21waG1MWktGNFU1NUVwTjBsRTM0eS1MNHpaSjBjS09QX3FOUjFKUXdtbUF3RDVTSnh1VEVwYUlKVGhlZGROQWhpVU9aSndHNUVxcGRXNV93bFVHOEM4b2NFZTFNQWI3U0tTbDJrUUw5aw?oc=5,2026-05-13T10:31:00+00:00,2026-05-13T14:30:48.749347+00:00,en-US,[],{},,"{'feed_url': 'https://news.google.com/rss?hl=en-US&gl=US&ceid=US:en', 'guid': 'CBMipwFBVV95cUxQX0V3UUM5enRiVUxWRTNJN1NuM0tMVURIeGlSTE5mYVBVVkxCaG52RXc0akF4SnFwajl1VWpUR21waG1MWktGNFU1NUVwTjBsRTM0eS1MNHpaSjBjS09QX3FOUjFKUXdtbUF3RDVTSnh1VEVwYUlKVGhlZGROQWhpVU9aSndHNUVxcGRXNV93bFVHOEM4b2NFZTFNQWI3U0tTbDJrUUw5aw', 'published': 'Wed, 13 May 2026 10:31:00 GMT'}"
rss,Top stories - Google News,https://news.google.com/?hl=en-US&gl=US&ceid=US:en,rss:Top stories - Google News:CBMidEFVX3lxTE5rVjd6WUd6THhrZjZnWFc0Ul83YkJqTWtvY1BtclpubDNZaTBFQnkxVmF5NmhEb01DS0ZRTm5ZZHE2dlkzTWRlT0tLVmFsVUUtcS1vY20xOEZtTmFDMzJKQTRmWUtPR0p1ZGpCdTg1eDluUUhD,'Street Outlaws' Daddy Dave Arrested For Stalking in New York - TMZ,"<a href=""https://news.google.com/rss/articles/CBMidEFVX3lxTE5rVjd6WUd6THhrZjZnWFc0Ul83YkJqTWtvY1BtclpubDNZaTBFQnkxVmF5NmhEb01DS0ZRTm5ZZHE2dlkzTWRlT0tLVmFsVUUtcS1vY20xOEZtTmFDMzJKQTRmWUtPR0p1ZGpCdTg1eDluUUhD?oc=5"" target=""_blank"">'Street Outlaws' Daddy Dave Arrested For Stalking in New York</a>&nbsp;&nbsp;<font color=""#6f6f6f"">TMZ</font>",https://news.google.com/rss/articles/CBMidEFVX3lxTE5rVjd6WUd6THhrZjZnWFc0Ul83YkJqTWtvY1BtclpubDNZaTBFQnkxVmF5NmhEb01DS0ZRTm5ZZHE2dlkzTWRlT0tLVmFsVUUtcS1vY20xOEZtTmFDMzJKQTRmWUtPR0p1ZGpCdTg1eDluUUhD?oc=5,2026-05-13T12:15:10+00:00,2026-05-13T14:30:48.749356+00:00,en-US,[],{},,"{'feed_url': 'https://news.google.com/rss?hl=en-US&gl=US&ceid=US:en', 'guid': 'CBMidEFVX3lxTE5rVjd6WUd6THhrZjZnWFc0Ul83YkJqTWtvY1BtclpubDNZaTBFQnkxVmF5NmhEb01DS0ZRTm5ZZHE2dlkzTWRlT0tLVmFsVUUtcS1vY20xOEZtTmFDMzJKQTRmWUtPR0p1ZGpCdTg1eDluUUhD', 'published': 'Wed, 13 May 2026 12:15:10 GMT'}"
rss,Top stories - Google News,https://news.google.com/?hl=en-US&gl=US&ceid=US:en,rss:Top stories - Google News:CBMikwFBVV95cUxOUy1ibUVvcTRta1hsRGc1dG9zTFc4YmZ0Yk5ROE45VUVmQVhTbEx3RWcwUkYtUGgyN0xpVTk5ZlMxWjhOLU1DTVRlZXF6TzVvQnBIVDZ0aW8wT0VHSi1ITUpNQWNZbGNYOHltTlNxTzZTbzVsbzh3LUp1VUpLMnczZkRKWjRiWGRxdTFkQk1Wa2EzVXc,Mel Brooks Donates His Archives to the National Comedy Center - The New York Times,"<a href=""https://news.google.com/rss/articles/CBMikwFBVV95cUxOUy1ibUVvcTRta1hsRGc1dG9zTFc4YmZ0Yk5ROE45VUVmQVhTbEx3RWcwUkYtUGgyN0xpVTk5ZlMxWjhOLU1DTVRlZXF6TzVvQnBIVDZ0aW8wT0VHSi1ITUpNQWNZbGNYOHltTlNxTzZTbzVsbzh3LUp1VUpLMnczZkRKWjRiWGRxdTFkQk1Wa2EzVXc?oc=5"" target=""_blank"">Mel Brooks Donates His Archives to the National Comedy Center</a>&nbsp;&nbsp;<font color=""#6f6f6f"">The New York Times</font>",https://news.google.com/rss/articles/CBMikwFBVV95cUxOUy1ibUVvcTRta1hsRGc1dG9zTFc4YmZ0Yk5ROE45VUVmQVhTbEx3RWcwUkYtUGgyN0xpVTk5ZlMxWjhOLU1DTVRlZXF6TzVvQnBIVDZ0aW8wT0VHSi1ITUpNQWNZbGNYOHltTlNxTzZTbzVsbzh3LUp1VUpLMnczZkRKWjRiWGRxdTFkQk1Wa2EzVXc?oc=5,2026-05-13T09:03:29+00:00,2026-05-13T14:30:48.749364+00:00,en-US,[],{},,"{'feed_url': 'https://news.google.com/rss?hl=en-US&gl=US&ceid=US:en', 'guid': 'CBMikwFBVV95cUxOUy1ibUVvcTRta1hsRGc1dG9zTFc4YmZ0Yk5ROE45VUVmQVhTbEx3RWcwUkYtUGgyN0xpVTk5ZlMxWjhOLU1DTVRlZXF6TzVvQnBIVDZ0aW8wT0VHSi1ITUpNQWNZbGNYOHltTlNxTzZTbzVsbzh3LUp1VUpLMnczZkRKWjRiWGRxdTFkQk1Wa2EzVXc', 'published': 'Wed, 13 May 2026 09:03:29 GMT'}"
rss,Top stories - Google News,https://news.google.com/?hl=en-US&gl=US&ceid=US:en,rss:Top stories - Google News:CBMic0FVX3lxTE9yWXJCZUtiLXN2UzdzcF9Qc2FkQWRyLVl1YnJCbjlBenVrTWNRUHNSUkhZdjFGOGl2UGx2R3hlRFRaUWNUdS1rak5vdmFkMnoySE9hUTBsNnBMY00xRGdaOGxaNFBrMjdrMWVnc0JVbXNjQVk,"NFL international games 2026: Dates, teams and host cities - BBC","<ol><li><a href=""https://news.google.com/rss/articles/CBMic0FVX3lxTE9yWXJCZUtiLXN2UzdzcF9Qc2FkQWRyLVl1YnJCbjlBenVrTWNRUHNSUkhZdjFGOGl2UGx2R3hlRFRaUWNUdS1rak5vdmFkMnoySE9hUTBsNnBMY00xRGdaOGxaNFBrMjdrMWVnc0JVbXNjQVk?oc=5"" target=""_blank"">NFL international games 2026: Dates, teams and host cities</a>&nbsp;&nbsp;<font color=""#6f6f6f"">BBC</font></li><li><a href=""https://news.google.com/rss/articles/CBMinAFBVV95cUxOWHNTZEdkVl9YRXRMdU9KWG96dy05SC1waWZjQ1ZMb3hzTmw0ZmI1c1pRVjVKTmtCa2lhZmoxY3JwcWh3UEt1SVpMMTJfa0hPZzgyVkw4OHpobDdZTFY2NjNJbkRjRTdyZ25QZHpBYzB1VEhJQUE2eWxCV2piRjVXeGU0OXAxcDN6QnVJSGNYTlFtYWtJTTBZbEVfZHM?oc=5"" target=""_blank"">2026 NFL schedule release: Dates, times, matchups for nine international games</a>&nbsp;&nbsp;<font color=""#6f6f6f"">NFL.com</font></li><li><a href=""https://news.google.com/rss/articles/CBMiuwFBVV95cUxPcWZpZnYxOXdoZGpyVklETDhfUVZnWjFHVmtQVU8wOEhwZE9zeHJGRXVpdnhLRUJfZGtORk94SmJoemNMOEhiZEVDX05ubnBTR01Vbl9IdE50b0RkVDFrYVdrQ0RCU1lhUkhnV2N1V3luTXFiUmlHX3V5bWhQLWZ6TmZfLVdxY0dUTWhUcTBub3FnaHlUbG5oOWZpTGlpdVI1eWotYzV2WGpwX0ZIcmRnMXJaODFvLTZXek80?oc=5"" target=""_blank"">Eagles travel to London for a Week 5 showdown against the Jaguars</a>&nbsp;&nbsp;<font color=""#6f6f6f"">Philadelphia Eagles</font></li><li><a href=""https://news.google.com/rss/articles/CBMijgFBVV95cUxOb2xfOEZXeTZydFdtU3hZeFlVTkJEQjdqM0JlMUQ0WFBVMnVrbjQ4R2d6ZGxwOFZYRllRVlpQLWNVdFFTZXBQUC1xOE1RT3YwWktSSkUwXzdqdjAyYVZxX2hqZWI1VHA2S1UtWkk1aTV1MktyaWVCYXI2R2tjMXdRVjZPX1JDWTQ2RVRPNVdB?oc=5"" target=""_blank"">Predict the amount of primetime games for the 49ers</a>&nbsp;&nbsp;<font color=""#6f6f6f"">Yahoo Sports</font></li><li><a href=""https://news.google.com/rss/articles/CBMiiwFBVV95cUxNQ0EzUWkzbVFodkpBaGVrLWNBOENBTW12cjFoNnZGNld6dTFqVm9XaFVkU2U5c2dqc01KNmVwUUxUa1kzQjhsWDNocW85WTdMNjNBaFZCTnBUNnRGVWQzSDdyazdIdC1VeERQNjc4c0xLdWRBazlQdlp6OXVJQ2pLZWU1X0FxZFZKTTVV?oc=5"" target=""_blank"">26 things to know about Washingtons' 2026 schedule</a>&nbsp;&nbsp;<font color=""#6f6f6f"">Washington Commanders</font></li></ol>",https://news.google.com/rss/articles/CBMic0FVX3lxTE9yWXJCZUtiLXN2UzdzcF9Qc2FkQWRyLVl1YnJCbjlBenVrTWNRUHNSUkhZdjFGOGl2UGx2R3hlRFRaUWNUdS1rak5vdmFkMnoySE9hUTBsNnBMY00xRGdaOGxaNFBrMjdrMWVnc0JVbXNjQVk?oc=5,2026-05-13T13:14:29+00:00,2026-05-13T14:30:48.749372+00:00,en-US,[],{},,"{'feed_url': 'https://news.google.com/rss?hl=en-US&gl=US&ceid=US:en', 'guid': 'CBMic0FVX3lxTE9yWXJCZUtiLXN2UzdzcF9Qc2FkQWRyLVl1YnJCbjlBenVrTWNRUHNSUkhZdjFGOGl2UGx2R3hlRFRaUWNUdS1rak5vdmFkMnoySE9hUTBsNnBMY00xRGdaOGxaNFBrMjdrMWVnc0JVbXNjQVk', 'published': 'Wed, 13 May 2026 13:14:29 GMT'}"
rss,Top stories - Google News,https://news.google.com/?hl=en-US&gl=US&ceid=US:en,rss:Top stories - Google News:CBMimwFBVV95cUxPRi1hcWlwNjVIV2JSM3BUbk9SV1dlV0pPM01BLTFZeGY2dUtFT0tUREVQeDFiVGtGV29GWlN2SWtYOEZjZlpod1Y2MzlZWU53RW5UTmhIZ0tJVDRrMlJteE5MMlZSWVYtMW13VHFJTlR4cENLNWJybHVQcTZEZ3FFUFJJbGI1S1lEU01RUC1GUzB6M3NUVFdkVmxGdw,Maple Leafs fire head coach Craig Berube after 2 seasons - ESPN,"<ol><li><a href=""https://news.google.com/rss/articles/CBMimwFBVV95cUxPRi1hcWlwNjVIV2JSM3BUbk9SV1dlV0pPM01BLTFZeGY2dUtFT0tUREVQeDFiVGtGV29GWlN2SWtYOEZjZlpod1Y2MzlZWU53RW5UTmhIZ0tJVDRrMlJteE5MMlZSWVYtMW13VHFJTlR4cENLNWJybHVQcTZEZ3FFUFJJbGI1S1lEU01RUC1GUzB6M3NUVFdkVmxGdw?oc=5"" target=""_blank"">Maple Leafs fire head coach Craig Berube after 2 seasons</a>&nbsp;&nbsp;<font color=""#6f6f6f"">ESPN</font></li><li><a href=""https://news.google.com/rss/articles/CBMilwFBVV95cUxQZnJRNzZPSXROakpYVWFpSlBySExUUGJQV3MybXFDOWUyTmh3SnVkbDdjQlgzeUtmWVZIMDRFdFc5QUFneWxPNVYxSENqUElsMDdJWnVLOElGSlRPbXVQZUVaUkRNckZhcHI4RFNjcnphYkNRTE9sV2pKTTVuM2RQdE9rSWJyQ1BqYU14WmpOQ1lONHNWYWU0?oc=5"" target=""_blank"">Maple Leafs Relieve Craig Berube of Head Coaching Duties</a>&nbsp;&nbsp;<font color=""#6f6f6f"">NHL.com</font></li><li><a href=""https://news.google.com/rss/articles/CBMi7gFBVV95cUxPV3VuQlgyUzlKS2dVOUdfd25lam93dzNvWjR3SS0xZFRmR2t2RTNDYUhHZXRQMWRtMF9maWJBQUlJeG5CUVQ0anV3OFZZRm5fNjNwVnZocWI2UmJsb29OZURacm5uLWhQSjNzdnNhdjR4Qnp3YlpjNnZROXA5b0NnUnpKMGRBbG9rTTFDN3lVd1liSEpzWVNES2FOODZHQnZDVUk4WXowV19ZbDN6OTVyMTNuNzEtT1M0MVpjWXRmSTd5amx5aE9zZmo3aS01VDhlaVpiNUM2b01kUHhsS1lVTHFKYWhOUTVRVWl1dXVn?oc=5"" target=""_blank"">Maple Leafs fire coach Craig Berube after missing out on playoffs for first time since 2016</a>&nbsp;&nbsp;<font color=""#6f6f6f"">Yahoo Sports</font></li><li><a href=""https://news.google.com/rss/articles/CBMiswFBVV95cUxNMU9VdkZIcEdiRnJ3MVlDdjRqTEFraW1NZXlwTUdfSThScGItMXg4WWJJckJ5Zm9qbTJaNkVoQ2IxWDdLbGVVdFJDMDV6ZkJHYTJGWTdZS2tDX0NGSkVSMUxGdEZ2S2FLcDVtQXl0VExnc0UtUWVaMG9KWjZwZ013WVM0S1AxeE5HRjNRZUdrTWFOYlNXb0Z4Y05wNmd0NlhiVkwzVzJ2RmhOM0l4N2M3THlXUQ?oc=5"" target=""_blank"">Craig Berube Fired by Maple Leafs, Toronto Owns No. 1 Pick in 2026 NHL Draft</a>&nbsp;&nbsp;<font color=""#6f6f6f"">Bleacher Report</font></li><li><a href=""https://news.google.com/rss/articles/CBMijwFBVV95cUxQTnlwcTl4ekdIWXVvVUs3SzcxR2lZR1RXQnRlbGpjNVRROWtKVGFBMnMtVHRFa0hPUUlnQzRYSURIcklCS0ZhQS1OaHFoVFQ0akpoRkFfNF95YjZVMjUzLU1iOUt4b3lrR1Znc0ZkdjRsUW9ZNV9QaVJNcUlMcFlDdUhpZHVaOUUwMWd0RlJ4RQ?oc=5"" target=""_blank"">Maple Leafs fire coach Craig Berube: What went wrong, and what now?</a>&nbsp;&nbsp;<font color=""#6f6f6f"">The New York Times</font></li></ol>",https://news.google.com/rss/articles/CBMimwFBVV95cUxPRi1hcWlwNjVIV2JSM3BUbk9SV1dlV0pPM01BLTFZeGY2dUtFT0tUREVQeDFiVGtGV29GWlN2SWtYOEZjZlpod1Y2MzlZWU53RW5UTmhIZ0tJVDRrMlJteE5MMlZSWVYtMW13VHFJTlR4cENLNWJybHVQcTZEZ3FFUFJJbGI1S1lEU01RUC1GUzB6M3NUVFdkVmxGdw?oc=5,2026-05-13T13:46:00+00:00,2026-05-13T14:30:48.749381+00:00,en-US,[],{},,"{'feed_url': 'https://news.google.com/rss?hl=en-US&gl=US&ceid=US:en', 'guid': 'CBMimwFBVV95cUxPRi1hcWlwNjVIV2JSM3BUbk9SV1dlV0pPM01BLTFZeGY2dUtFT0tUREVQeDFiVGtGV29GWlN2SWtYOEZjZlpod1Y2MzlZWU53RW5UTmhIZ0tJVDRrMlJteE5MMlZSWVYtMW13VHFJTlR4cENLNWJybHVQcTZEZ3FFUFJJbGI1S1lEU01RUC1GUzB6M3NUVFdkVmxGdw', 'published': 'Wed, 13 May 2026 13:46:00 GMT'}"
rss,Top stories - Google News,https://news.google.com/?hl=en-US&gl=US&ceid=US:en,rss:Top stories - Google News:CBMitwFBVV95cUxQWEpSMnBDNldsWVlOZllMNTVMMnlONFJ1dk50a0l6WWZmZ0c3UGlZRFRWd2cyQVRicWVZR2NCdzdDY0M2cEIzbXZiaVdpZzBBaEFRUjZEeFR5TTh2RmxTVmhGX3JDdzBsNndtQ1YxbDRfbmVwcDRIOC0yWmZPV0F0SnAwYjM2cGF5YU5lWnhVeFZveWllWHhaTmQzcjN5SldoVFd2NFNqMTRCN1V5SzNUZzR5Vlg4eTjSAbwBQVVfeXFMUFhmQTBMZERsMjdaMmFyUHdLR3RsR0pUWW1OV3Q1V0NJZWtHOE8zVXFxbm4xTnRxUWJ1YjU5cFN2Wmw3WTNWc0toX3VKWVJfYnJrOGpkQkdGMXJiOWNqejRpeXh0UXBRbm9OWDVuZWZaamI4d3FmdTVtdXBVbHZaQ2VxblY5Z3dtcUVuMHoxQjh5LWxEdFRWQmNERW9uTElNV3p2a0JvSEI3LThYQ0JUX3RCWHFuQ0JFZ3oyWlA,"Jason Collins, first openly gay active NBA player, dies after cancer battle - Al Jazeera","<ol><li><a href=""https://news.google.com/rss/articles/CBMitwFBVV95cUxQWEpSMnBDNldsWVlOZllMNTVMMnlONFJ1dk50a0l6WWZmZ0c3UGlZRFRWd2cyQVRicWVZR2NCdzdDY0M2cEIzbXZiaVdpZzBBaEFRUjZEeFR5TTh2RmxTVmhGX3JDdzBsNndtQ1YxbDRfbmVwcDRIOC0yWmZPV0F0SnAwYjM2cGF5YU5lWnhVeFZveWllWHhaTmQzcjN5SldoVFd2NFNqMTRCN1V5SzNUZzR5Vlg4eTjSAbwBQVVfeXFMUFhmQTBMZERsMjdaMmFyUHdLR3RsR0pUWW1OV3Q1V0NJZWtHOE8zVXFxbm4xTnRxUWJ1YjU5cFN2Wmw3WTNWc0toX3VKWVJfYnJrOGpkQkdGMXJiOWNqejRpeXh0UXBRbm9OWDVuZWZaamI4d3FmdTVtdXBVbHZaQ2VxblY5Z3dtcUVuMHoxQjh5LWxEdFRWQmNERW9uTElNV3p2a0JvSEI3LThYQ0JUX3RCWHFuQ0JFZ3oyWlA?oc=5"" target=""_blank"">Jason Collins, first openly gay active NBA player, dies after cancer battle</a>&nbsp;&nbsp;<font color=""#6f6f6f"">Al Jazeera</font></li><li><a href=""https://news.google.com/rss/articles/CBMibkFVX3lxTE9UV2xpWjgweHZfM1Y5SV9ZMTBwZUZtSFB5eU5zak9mb21kUFJtdnBobkU5UGNBWVVFV2ZsZ2IxOFBYUHNSd3VvSWhhRHBaakJYb0hlRFFVVjc2dDR5OHFfbG1qOWxmdGt2UFFRelBn?oc=5"" target=""_blank"">Jason Collins, First Active N.B.A. Player to Come Out as Gay, Dies at 47</a>&nbsp;&nbsp;<font color=""#6f6f6f"">The New York Times</font></li><li><a href=""https://news.google.com/rss/articles/CBMigwFBVV95cUxPUGVfSm84aldSRjNvMXZ3elpROVBfZk1KYi1mb0F4Z0pmdWtSWXBUZ1VVTjdTel92V0JiTlg1ZUtqZlFjdEYxZlZhR0lJQ09zNWZZTmRiSUdmT19FM2RkVDVVM21FeHJtWUFjUFdRcklhMldHNldSMkVDd1JvNmdyc1ZRZw?oc=5"" target=""_blank"">Jason Collins, first openly gay NBA player, dies after glioblastoma battle</a>&nbsp;&nbsp;<font color=""#6f6f6f"">Yahoo Sports</font></li><li><a href=""https://news.google.com/rss/articles/CBMidEFVX3lxTE1FZE9IRlhCaVQxeVBJTERuVDg3cGF4WXNMNVZlcm9YM0pVUWFKOGVPYjM5MkhidlZscUo1aTVfSVMzV3NwTmFIb2gwQUo4TWg1c29LeG5JY3YwU2NaNTZtSjV3T25PTUVsb0pwaUF6Tkg0MmNC?oc=5"" target=""_blank"">Jason Collins, 1st openly gay NBA player, dies of brain cancer at 47</a>&nbsp;&nbsp;<font color=""#6f6f6f"">ESPN</font></li><li><a href=""https://news.google.com/rss/articles/CBMiiAFBVV95cUxQNmh4d1lNODg4WTZ0RjBLRkVqOVctbWFsc2x0cXpnOUxoc3ZuM0tSX2pYYkUyMkIxS3FhMHNRN3lhUDEwMHJpem1yRVgwVXc0TUpYbnBJeXFxYXUyU1hjdkl0UHNfUzR5Wk9vUXVIbTdHdGhfN3c3a3BfaUxhcEZPQ21RWS1nb2pZ0gGOAUFVX3lxTE1ENklxQkF0LUFmaTlUU2RlSW1GN056aUJnWWlEMmhaOEFUM0RVZ29MNUlXRWlNb1pHci1hWjVyM21Tb05oMUZVRGg4QWRXck1aVG1lSUw4Z1d2YWFFN3FuaVc3eHd5SXFXXzNYZkI5RHc0RHpXaldDN2VQWE1RTkFtMUlWMWFxTWhnd0I4S2c?oc=5"" target=""_blank"">Jason Collins, NBA's first openly gay player, dead at 47</a>&nbsp;&nbsp;<font color=""#6f6f6f"">Fox News</font></li></ol>",https://news.google.com/rss/articles/CBMitwFBVV95cUxQWEpSMnBDNldsWVlOZllMNTVMMnlONFJ1dk50a0l6WWZmZ0c3UGlZRFRWd2cyQVRicWVZR2NCdzdDY0M2cEIzbXZiaVdpZzBBaEFRUjZEeFR5TTh2RmxTVmhGX3JDdzBsNndtQ1YxbDRfbmVwcDRIOC0yWmZPV0F0SnAwYjM2cGF5YU5lWnhVeFZveWllWHhaTmQzcjN5SldoVFd2NFNqMTRCN1V5SzNUZzR5Vlg4eTjSAbwBQVVfeXFMUFhmQTBMZERsMjdaMmFyUHdLR3RsR0pUWW1OV3Q1V0NJZWtHOE8zVXFxbm4xTnRxUWJ1YjU5cFN2Wmw3WTNWc0toX3VKWVJfYnJrOGpkQkdGMXJiOWNqejRpeXh0UXBRbm9OWDVuZWZaamI4d3FmdTVtdXBVbHZaQ2VxblY5Z3dtcUVuMHoxQjh5LWxEdFRWQmNERW9uTElNV3p2a0JvSEI3LThYQ0JUX3RCWHFuQ0JFZ3oyWlA?oc=5,2026-05-13T08:56:01+00:00,2026-05-13T14:30:48.749389+00:00,en-US,[],{},,"{'feed_url': 'https://news.google.com/rss?hl=en-US&gl=US&ceid=US:en', 'guid': 'CBMitwFBVV95cUxQWEpSMnBDNldsWVlOZllMNTVMMnlONFJ1dk50a0l6WWZmZ0c3UGlZRFRWd2cyQVRicWVZR2NCdzdDY0M2cEIzbXZiaVdpZzBBaEFRUjZEeFR5TTh2RmxTVmhGX3JDdzBsNndtQ1YxbDRfbmVwcDRIOC0yWmZPV0F0SnAwYjM2cGF5YU5lWnhVeFZveWllWHhaTmQzcjN5SldoVFd2NFNqMTRCN1V5SzNUZzR5Vlg4eTjSAbwBQVVfeXFMUFhmQTBMZERsMjdaMmFyUHdLR3RsR0pUWW1OV3Q1V0NJZWtHOE8zVXFxbm4xTnRxUWJ1YjU5cFN2Wmw3WTNWc0toX3VKWVJfYnJrOGpkQkdGMXJiOWNqejRpeXh0UXBRbm9OWDVuZWZaamI4d3FmdTVtdXBVbHZaQ2VxblY5Z3dtcUVuMHoxQjh5LWxEdFRWQmNERW9uTElNV3p2a0JvSEI3LThYQ0JUX3RCWHFuQ0JFZ3oyWlA', 'published': 'Wed, 13 May 2026 08:56:01 GMT'}"
rss,Top stories - Google News,https://news.google.com/?hl=en-US&gl=US&ceid=US:en,rss:Top stories - Google News:CBMipAFBVV95cUxQSlFqNUkyQXF0eHNZbzlNTzUzVktPVDViMVBUNHBUa2xvSmpMSE5HSHRmMFJBSDFNOTl1Nmg5VFRUdEtnQmhaT3lRZHBOT3MyN0N2S1k0ek5zUjZOMEN0dlFuSWpxcnN2bWJoUWY4Q01pcVZwT2s4blR1by15U3d6S0lLTWJDWVJSdWMyR0hRRkpNMktXR0ozT2ZZRENjYzFQcU5XUA,Ja Morant pays emotional tribute to Brandon Clarke after Memphis Grizzlies star dies aged 29 - talkSPORT,"<ol><li><a href=""https://news.google.com/rss/articles/CBMipAFBVV95cUxQSlFqNUkyQXF0eHNZbzlNTzUzVktPVDViMVBUNHBUa2xvSmpMSE5HSHRmMFJBSDFNOTl1Nmg5VFRUdEtnQmhaT3lRZHBOT3MyN0N2S1k0ek5zUjZOMEN0dlFuSWpxcnN2bWJoUWY4Q01pcVZwT2s4blR1by15U3d6S0lLTWJDWVJSdWMyR0hRRkpNMktXR0ozT2ZZRENjYzFQcU5XUA?oc=5"" target=""_blank"">Ja Morant pays emotional tribute to Brandon Clarke after Memphis Grizzlies star dies aged 29</a>&nbsp;&nbsp;<font color=""#6f6f6f"">talkSPORT</font></li><li><a href=""https://news.google.com/rss/articles/CBMiogFBVV95cUxPSXBIYU93eG1pbzhyOG1zcExRM2huUkpUMGM0dEtQVEd3dTVzTWJJakZteXliMmFSRTJFalk5NEx0MkItRm9FaWVWMTBiZlR2TUdVWWo1ZENia3BELXJSVmRCR2IzSjlRUlJzOWJ4aXZFdDBEOTRJYzZpalNpWTZEWjlEb0RhckpVajg2SDcyOHFxMENrWVpNSWJrVFh6YXdiM0HSAaoBQVVfeXFMT3JWWWRpSGZuenU4blVrU0FfQzdTTEIyaFBDclhsZFo0cEF2NFNXMV9VblRxeVpuLW9vWXhfaTBYbGxNc0VTUmdERnczcl9HaXpTR1QxSVVBVU55bE0yM3dSVW9ZeUNCa3ZKVlp4Y3FkcWtFY2dJdFZoT29VTzB3MmVWMDlxZU9FV1VNeUR5NXJhdjVpNlF5bktFVFhjcHZxYUk4ZVE0ZFM4T2c?oc=5"" target=""_blank"">29-year-old Memphis Grizzlies player Brandon Clarke dies in the San Fernando Valley</a>&nbsp;&nbsp;<font color=""#6f6f6f"">NBC Los Angeles</font></li><li><a href=""https://news.google.com/rss/articles/CBMivgFBVV95cUxQNTZWakFNS3IwMEREbjVhUEtZMFZHZk95MEJ6c3NZTDZQNUp4TDNmWUtzNnFjR210WjZrb3F3MmZONG1WYWQzWVByclVYZ3BjS0wzSW9iLUdBWjZUdVVhbGxsbGtaLUx3OFVWZ001NkNfZ3BOXzREclhCT0ZudTB4UlA2alJ4NEZBOW4xT2hvNG5IODV0TjNjNG9uRy1Yd19KZUtsMFB3MGk1QVBJYldKNUplLTZTa3hhNHRZWC13?oc=5"" target=""_blank"">Memphis Grizzlies forward Brandon Clarke dies at 29</a>&nbsp;&nbsp;<font color=""#6f6f6f"">The Commercial Appeal</font></li><li><a href=""https://news.google.com/rss/articles/CBMizgFBVV95cUxNdU5STEE5Q1h3Q0pRTnFVQjdVZzZMMEVPdVl5LWNvZjBjUmNCRzM5TW9FR2ZnUWNGWFpGeHFQT0tzUk9leFdfQVc1NGNSVFNuZ1J5eUF5WVlINUdUWnd5ZkhQWXZKYWQwTmo1dzlJYjF6MjNaVnJTOVEzdFdFS0xGNldSSlU5NlZKQmNSajhIU1Q3SXRjX0VpRnlvQS03ancwX1FqNEcyM2k4ZlM2emdIQzFKY3ByNkZYcDhuRnA4R0xNZTlONW5xQTRidUVfZw?oc=5"" target=""_blank"">Brandon Clarke, Grizzlies forward and former Gonzaga star, dead at 29</a>&nbsp;&nbsp;<font color=""#6f6f6f"">Yahoo Sports</font></li><li><a href=""https://news.google.com/rss/articles/CBMipgFBVV95cUxNd0ZfeVFEVy1fREVJSGpRNUVNaTFOdlhzOWtOdDdTX2d2TDR0bmUwVlBtbC1ZR2Y1UEI3VGxrLXlSUm0yS2xvaUJacTBkLURlclo0RjlPQTVfdmlMeXQtYmplSDRNTUdmUXVoRnltZ3RGSFVrM2NwTzBWbThLZ2w2S2dEUmtXWGpZZHRDOGJLV194YTNDN19iSjNockFxRUVHdm9HMDZn?oc=5"" target=""_blank"">Memphis Grizzlies forward Brandon Clarke, a veteran of 7 NBA seasons, dies at 29</a>&nbsp;&nbsp;<font color=""#6f6f6f"">Dallas News</font></li></ol>",https://news.google.com/rss/articles/CBMipAFBVV95cUxQSlFqNUkyQXF0eHNZbzlNTzUzVktPVDViMVBUNHBUa2xvSmpMSE5HSHRmMFJBSDFNOTl1Nmg5VFRUdEtnQmhaT3lRZHBOT3MyN0N2S1k0ek5zUjZOMEN0dlFuSWpxcnN2bWJoUWY4Q01pcVZwT2s4blR1by15U3d6S0lLTWJDWVJSdWMyR0hRRkpNMktXR0ozT2ZZRENjYzFQcU5XUA?oc=5,2026-05-13T07:19:42+00:00,2026-05-13T14:30:48.749399+00:00,en-US,[],{},,"{'feed_url': 'https://news.google.com/rss?hl=en-US&gl=US&ceid=US:en', 'guid': 'CBMipAFBVV95cUxQSlFqNUkyQXF0eHNZbzlNTzUzVktPVDViMVBUNHBUa2xvSmpMSE5HSHRmMFJBSDFNOTl1Nmg5VFRUdEtnQmhaT3lRZHBOT3MyN0N2S1k0ek5zUjZOMEN0dlFuSWpxcnN2bWJoUWY4Q01pcVZwT2s4blR1by15U3d6S0lLTWJDWVJSdWMyR0hRRkpNMktXR0ozT2ZZRENjYzFQcU5XUA', 'published': 'Wed, 13 May 2026 07:19:42 GMT'}"
rss,Top stories - Google News,https://news.google.com/?hl=en-US&gl=US&ceid=US:en,rss:Top stories - Google News:CBMingFBVV95cUxPay1xUDhsYWJWVXFqMk9wWW1yMXZySkVPcGtGa05ESmZKa3B0c0QxVTlZRkloQ2tsLXZRWGkzYmdzekxjbmJQSDJUMS1sYUNUZi0xQkJaV3dRWTRPek9WQjRnZEFGZWNEcFpqMEZOUXRnbERKUExmbm9EanlVYzdMczQ3MUJkR3ZobzhEeDlIdHd5NmFxVkJydUpZdE4zUQ,"Watch SpaceX launch 6,500 pounds of cargo to the International Space Station on May 13 - Space","<ol><li><a href=""https://news.google.com/rss/articles/CBMingFBVV95cUxPay1xUDhsYWJWVXFqMk9wWW1yMXZySkVPcGtGa05ESmZKa3B0c0QxVTlZRkloQ2tsLXZRWGkzYmdzekxjbmJQSDJUMS1sYUNUZi0xQkJaV3dRWTRPek9WQjRnZEFGZWNEcFpqMEZOUXRnbERKUExmbm9EanlVYzdMczQ3MUJkR3ZobzhEeDlIdHd5NmFxVkJydUpZdE4zUQ?oc=5"" target=""_blank"">Watch SpaceX launch 6,500 pounds of cargo to the International Space Station on May 13</a>&nbsp;&nbsp;<font color=""#6f6f6f"">Space</font></li><li><a href=""https://news.google.com/rss/articles/CBMitwFBVV95cUxNNWVhWjR5ZmRob0I1eENZT3N0cW1GaTBfeFdiSjZQSzRGNVk5VmpoT19fVTl6OVM1Z01Eel9VdzdyMGkwYUMyR2g1U1ozOUxFTFBWa0VTVTZ2ODc2QTFRMzdkeDI1M0IyQ1hqTDZhNTBmc0p0TlRVbEYyOFEycV9aNk53YlpqTGZhdWdHcXpQc2pqdWhvTTROTWhaWEdncFVzLXVNdkFiWHdxVUwzdWVwUTY4SnRQN2c?oc=5"" target=""_blank"">Station Hums With Advanced Research as Dragon Nears Launch</a>&nbsp;&nbsp;<font color=""#6f6f6f"">NASA (.gov)</font></li><li><a href=""https://news.google.com/rss/articles/CBMiigJBVV95cUxNSy10TC1XNE5LclFXY2ZQRm0ybi1BWXBoVjZSdmkzcEJWQ3BsSzFzRDFERDg2WU5ZM3Y3cVpHTndRRnBrWFM4TmVhbFVicWt4dFhNUFdacTF4NWxBbjRhb3E2VFZOTUIxSnIyQmJNNUV0V1N2eXRFTm4ybzBCVDBVSWNhOVVjSEhMQ21sTXNtaHBJLWRQU0p2NEdScEhyOThyVS1zNE8waXpPNnVCdUs1a3dmZzM4UTRPa29OLTg0eGMyMy1Pa094SjBwdEppbHZNV0NSWG1DajRIcUZjWktLaU85N2d0bzZjZlZKQzZYVXZMdUJUZlFYUUU1NVBzaFdqdXRLc2xmUkRWUQ?oc=5"" target=""_blank"">Rocket launches from Florida this week. See liftoff times</a>&nbsp;&nbsp;<font color=""#6f6f6f"">Florida Today</font></li><li><a href=""https://news.google.com/rss/articles/CBMiyAFBVV95cUxNaEhMSGFNMUZBMlMxc2FnbjQ0dnBYNk5HU1BzOFUwZDlWRkJmbmNwSWh4TkhDaWlYeFFEbEJ1VEg5T1pKeVA2TWVrWUFBdmlNenRka2JPcG01LWFnQW5rYlZPbmlUa1BzNGxNMFozcnlGQVhVa09XYkZTY014ZW0zRV9pdjF2Nmh1aV9SSVBPS2ZYby1wMHhvbTRkNEdTSUsxczJMQ3BIMEd3SlF0RTZYaXBZZXJhczlUdEpjYUhLWTh3UFNqVVF5Rg?oc=5"" target=""_blank"">Weather forces SpaceX scrub; launch retry Wednesday could bring sonic boom</a>&nbsp;&nbsp;<font color=""#6f6f6f"">Orlando Sentinel</font></li><li><a href=""https://news.google.com/rss/articles/CBMivgFBVV95cUxNZ3JLdWtxZDV2dlNrX05GcDVvMFotQ2VHY3FxMkhmNUczVW4zM29oSUtzRmhuQkJmSVM2UnFPT0k4eXVyWkVnYjdjRkNuX0lCNUQtbGotNDM3aEVVY0tBbWZzdHluZDFqam1mSy1aWTN6TW1faHlBMUlXLVBpSlRWNnJOOGVhc1haNVdlZllOUUxSY29FRWNHY0Rlc2d6bVVQeWoxdXVwaTlEclVkRzh3UzNHVi10MjgzVnhOOFBR?oc=5"" target=""_blank"">Poor weather causes NASA, SpaceX to scrub launch attempt of 34th Cargo Dragon mission to the space station</a>&nbsp;&nbsp;<font color=""#6f6f6f"">Spaceflight Now</font></li></ol>",https://news.google.com/rss/articles/CBMingFBVV95cUxPay1xUDhsYWJWVXFqMk9wWW1yMXZySkVPcGtGa05ESmZKa3B0c0QxVTlZRkloQ2tsLXZRWGkzYmdzekxjbmJQSDJUMS1sYUNUZi0xQkJaV3dRWTRPek9WQjRnZEFGZWNEcFpqMEZOUXRnbERKUExmbm9EanlVYzdMczQ3MUJkR3ZobzhEeDlIdHd5NmFxVkJydUpZdE4zUQ?oc=5,2026-05-12T15:00:00+00:00,2026-05-13T14:30:48.749407+00:00,en-US,[],{},,"{'feed_url': 'https://news.google.com/rss?hl=en-US&gl=US&ceid=US:en', 'guid': 'CBMingFBVV95cUxPay1xUDhsYWJWVXFqMk9wWW1yMXZySkVPcGtGa05ESmZKa3B0c0QxVTlZRkloQ2tsLXZRWGkzYmdzekxjbmJQSDJUMS1sYUNUZi0xQkJaV3dRWTRPek9WQjRnZEFGZWNEcFpqMEZOUXRnbERKUExmbm9EanlVYzdMczQ3MUJkR3ZobzhEeDlIdHd5NmFxVkJydUpZdE4zUQ', 'published': 'Tue, 12 May 2026 15:00:00 GMT'}"
rss,Top stories - Google News,https://news.google.com/?hl=en-US&gl=US&ceid=US:en,rss:Top stories - Google News:CBMivwFBVV95cUxOQUJ6d0pHYzdsNldjdG84NVdBYndBYWRQbi1fNTlCSmh3bF9JTjY5aFpvQ2t2R3FyNmlTU2xqMzI1TFZpcHREdmF2b09Xb1FpODNHdlp2T0xMOXB5Q0ZHQVNqSnhQSjNZTTlFZUxfYnFuQ0V1UTgzR2lqNmxsQ3pydi1IVjUzUER2cU5oV3N2amhfMFVDSTJmVHRhZVYwVFdQVmE2Sk13VEZvaWpQc2tITjlsdktzaFZtbEtzLUYtYw,"SpaceX Starship completes Wet Dress Rehearsal, gets ready for launch - The Register","<ol><li><a href=""https://news.google.com/rss/articles/CBMivwFBVV95cUxOQUJ6d0pHYzdsNldjdG84NVdBYndBYWRQbi1fNTlCSmh3bF9JTjY5aFpvQ2t2R3FyNmlTU2xqMzI1TFZpcHREdmF2b09Xb1FpODNHdlp2T0xMOXB5Q0ZHQVNqSnhQSjNZTTlFZUxfYnFuQ0V1UTgzR2lqNmxsQ3pydi1IVjUzUER2cU5oV3N2amhfMFVDSTJmVHRhZVYwVFdQVmE2Sk13VEZvaWpQc2tITjlsdktzaFZtbEtzLUYtYw?oc=5"" target=""_blank"">SpaceX Starship completes Wet Dress Rehearsal, gets ready for launch</a>&nbsp;&nbsp;<font color=""#6f6f6f"">The Register</font></li><li><a href=""https://news.google.com/rss/articles/CBMi3gFBVV95cUxOQkx4WWl0Uy1uYW1YZ210dUdtNlE4VndwVDE5UmQ5VE9PSVNPblBmUDVEVFl6Z1dPNWVjVjBDcXd0MGhMMTRSeldQN2RSN2oxUllQaGl5RXRSWUR6UVdGeVkzcDNOaW9JOUFvTmtvOVp4ZVNrZUpBRE83dHFaMWw2NEdOT21YdEEyUDZuVHNqX3I4M0pfQVNBVy1BVnhVZ1dnZVdSQVNzZzRRbkgtRkdzSTlUa1NZU1NGT2VQSnZneGxKWXlsTG54aEk0NlltV3hsRWZuQllvOUdGTFZfcWc?oc=5"" target=""_blank"">SpaceX's Starship V3 megarocket finally has a debut launch date. Here's when it will fly</a>&nbsp;&nbsp;<font color=""#6f6f6f"">Space</font></li><li><a href=""https://news.google.com/rss/articles/CBMiqgFBVV95cUxNZWZPX3pJemFyTm00c1ZMSlI0MEVxeWdVeW9qM1lLM3RIT0VFczVrZ2JyS2FvdllqUkFZUEFNRW5GODlsUVdDWWR4c0ZqVWp2OVdPVFFYdUdnSUdHVkpVbmM2QXAzNHJzaE0tclE3Sk8tQXN3YUNjMmFZQU5SZUhENUprWGVaZThhX0xzY0F6R3p3TWl4eFNiQUZMcHFuaW81aEQ2VWJtT0luQQ?oc=5"" target=""_blank"">SpaceX's Starship megarocket finally has a 2026 launch date. Here's when</a>&nbsp;&nbsp;<font color=""#6f6f6f"">USA Today</font></li><li><a href=""https://news.google.com/rss/articles/CBMitAFBVV95cUxObEVIblA0UU5aQ080MEdWSFNfZTBTV25BV1VaTk54S01FRGl0UVdlNjdhaW9WVld5U0RNOUVKRUxmUnBJams5X0JUeFpaUnExX1VMR2NaM2pnRUk1SmtKLVpDMXZiby1kejNoc2NnY0E5LUNMNF9WMFM2Tk1SVXBBMzhvbEx1aGt2T3h1ckZsYnFkMjZPSFJHYW1FRWlKVEJxbHlFWkotQmd5RVNFSU5fXy1MRFc?oc=5"" target=""_blank"">Once again, SpaceX has set a new record for the tallest rocket ever built</a>&nbsp;&nbsp;<font color=""#6f6f6f"">Ars Technica</font></li><li><a href=""https://news.google.com/rss/articles/CBMi0AFBVV95cUxOajNPTVdFMEVOQXViMGlhM0VPM0tubmxXT0JfckNJZThhSlVILVJiNkEyUHRKUlNLbHBhdERoNlJoNm9jMHE0REpycWdDMF9zNTRzYkZmOW84LXJrd1RUenVlMVJ3M3N0bi04WEEzZTZiMnM1SV80TWx4NEZmYjBVb0lQYm5NcGxrUWQ4dEREcVRlZy1uY1Z4SUhDR2tnVHdJN2lWT2ZxQ1ppTGNUV01XenVDakctZG5vT0NlZk9QVUgtQUQxNTBkNGo0Wlp6Mksz?oc=5"" target=""_blank"">See SpaceX Starship V3 megarocket on the launchpad as it gears up for its next test flight</a>&nbsp;&nbsp;<font color=""#6f6f6f"">Scientific American</font></li></ol>",https://news.google.com/rss/articles/CBMivwFBVV95cUxOQUJ6d0pHYzdsNldjdG84NVdBYndBYWRQbi1fNTlCSmh3bF9JTjY5aFpvQ2t2R3FyNmlTU2xqMzI1TFZpcHREdmF2b09Xb1FpODNHdlp2T0xMOXB5Q0ZHQVNqSnhQSjNZTTlFZUxfYnFuQ0V1UTgzR2lqNmxsQ3pydi1IVjUzUER2cU5oV3N2amhfMFVDSTJmVHRhZVYwVFdQVmE2Sk13VEZvaWpQc2tITjlsdktzaFZtbEtzLUYtYw?oc=5,2026-05-12T14:22:49+00:00,2026-05-13T14:30:48.749415+00:00,en-US,[],{},,"{'feed_url': 'https://news.google.com/rss?hl=en-US&gl=US&ceid=US:en', 'guid': 'CBMivwFBVV95cUxOQUJ6d0pHYzdsNldjdG84NVdBYndBYWRQbi1fNTlCSmh3bF9JTjY5aFpvQ2t2R3FyNmlTU2xqMzI1TFZpcHREdmF2b09Xb1FpODNHdlp2T0xMOXB5Q0ZHQVNqSnhQSjNZTTlFZUxfYnFuQ0V1UTgzR2lqNmxsQ3pydi1IVjUzUER2cU5oV3N2amhfMFVDSTJmVHRhZVYwVFdQVmE2Sk13VEZvaWpQc2tITjlsdktzaFZtbEtzLUYtYw', 'published': 'Tue, 12 May 2026 14:22:49 GMT'}"
rss,Top stories - Google News,https://news.google.com/?hl=en-US&gl=US&ceid=US:en,rss:Top stories - Google News:CBMimgFBVV95cUxONGMxVGxKQVJSTWg4V1ZPT2I1UFFOdVFtYVljQ0p0X0lzRnhCS2poR1ZDS3NzazRFXzdvWG5hVWgwdHhjZ29FY05YcEROUmpEM0gxaDZmeklWN2dxTUtwbDRTM292UGplLW5EdVItdzZlalBZQ2RaLWtUYWRMbm5keGRSVVJnYjZRMnJFQkZZbkhPLU5sSEdadWp3,Hello Universe: NASA’s Next-Gen Space Processor Undergoes Testing - NASA Jet Propulsion Laboratory (JPL) (.gov),"<ol><li><a href=""https://news.google.com/rss/articles/CBMimgFBVV95cUxONGMxVGxKQVJSTWg4V1ZPT2I1UFFOdVFtYVljQ0p0X0lzRnhCS2poR1ZDS3NzazRFXzdvWG5hVWgwdHhjZ29FY05YcEROUmpEM0gxaDZmeklWN2dxTUtwbDRTM292UGplLW5EdVItdzZlalBZQ2RaLWtUYWRMbm5keGRSVVJnYjZRMnJFQkZZbkhPLU5sSEdadWp3?oc=5"" target=""_blank"">Hello Universe: NASA’s Next-Gen Space Processor Undergoes Testing</a>&nbsp;&nbsp;<font color=""#6f6f6f"">NASA Jet Propulsion Laboratory (JPL) (.gov)</font></li><li><a href=""https://news.google.com/rss/articles/CBMihgFBVV95cUxQSnVNZ05nYkFsTW9WX0l1NmZyRUowWXM5cGVpaUZvODA3ZzlvazNTY2tqYzZFMXU0Zk5JVmZOTFh4VmNZbVBoQ056Tm8xR0Z5NW1Ud3NaVi12MlhPSDdScGlvbnBUWjIwMFBCcDlhYkZfa0lfUXMwWUlYTnhDTVBOTXBScENBZw?oc=5"" target=""_blank"">NASA debuts radiation-hardened chip with 500x more power than current space processors</a>&nbsp;&nbsp;<font color=""#6f6f6f"">Interesting Engineering</font></li><li><a href=""https://news.google.com/rss/articles/CBMilgFBVV95cUxOOGdxeXJTNndiUTRwd0w4dTdKVWhkandlbm05MDBUWGlTOUZFWWhvcTJnZ1BhUDdOUkltMXhMMTMtemU5NTVSMEs0NmZVd1Q3SHNZNkhKNjRiVVZHaGI5Tjg1ekF4Y0xHQ3FyeUpJT1NmdnROeFdwRDM5Unowb0lJX1NBMFZXVU1VWUhYMWpnUWlxalVKZVE?oc=5"" target=""_blank"">NASA’s New RISC-V Space Chip Offers 100x Performance Boost for Future Mars Missions</a>&nbsp;&nbsp;<font color=""#6f6f6f"">HotHardware</font></li><li><a href=""https://news.google.com/rss/articles/CBMi6gJBVV95cUxNNV9qQWpkemlpdUg2YjZkX3VzcF9QZTRpdnIyN3VTQS14OFBVSEZmbjZaaTFOSXpXYV8tLXNRNjhndU5abWRTSTl5a0w1SGloNm5kLU9XQTZBVDRoNkl1R0w5cFE2NjhKN1ZITThFXzgxd1l6aUpVZk5UZmpmazgzTUdiTGNVanRKTFJ3QS1vZ21XeGItdTJfOVNqYUFXUHdpUmVEUzVfbzQzTFo4LWxoa3VrOWxPRkpyNVdWbkF0WWx1bUNXNkxKeDIyWXNJRHJ0OXN4WDN3eGt6eW5wbGtXYmRYTFNtTmlldFNMMDJaU19tdnBqTFZ2Y3VMaFB0TjZKWklKeHVtRVRzOGRfYnZ4ckp5R2Y5dXBQTm5ReGNRMThkYkEzcG1KN2Fzd2FsNC1taVN6MUxHaDBuU1B0QUpRZkphVTJMcVJDRHNXRG5fcVJ2WGZ0dnd0VmJheFVKdnYxSnhlMFR5Yk9rQQ?oc=5"" target=""_blank"">NASA partners with Microchip to build next-generation spaceflight chips with 100x the power of current offerings — chip designed to withstand radiation for extended missions on the Moon and Mars</a>&nbsp;&nbsp;<font color=""#6f6f6f"">Tom's Hardware</font></li><li><a href=""https://news.google.com/rss/articles/CBMivwFBVV95cUxOLVdQRGE3Q082S0lrUUtFOXRGeGlIZUNrZnhiY1BUVk9sTVk5VklyT3JnSTd3X3ZGQl9MWlJvU3ZfbnRiOUxqdTBJYkVFTTlZSE9yd085MGhrdk5paEtuM3F3SklDRVBFVUxLWEVPeEZzTFBOMjlKQmpwNlZmVmx1MDlydDZYSUVLNDFlYjlCekEtdDZ5Ynl3NVdiYXlPM0RocVFzU0NSZnNSV3p2cGxLdGhobkFxQ3VJRTdMcWJjYw?oc=5"" target=""_blank"">NASA tests more powerful spacecraft processor to enable onboard AI</a>&nbsp;&nbsp;<font color=""#6f6f6f"">Aerospace Testing International</font></li></ol>",https://news.google.com/rss/articles/CBMimgFBVV95cUxONGMxVGxKQVJSTWg4V1ZPT2I1UFFOdVFtYVljQ0p0X0lzRnhCS2poR1ZDS3NzazRFXzdvWG5hVWgwdHhjZ29FY05YcEROUmpEM0gxaDZmeklWN2dxTUtwbDRTM292UGplLW5EdVItdzZlalBZQ2RaLWtUYWRMbm5keGRSVVJnYjZRMnJFQkZZbkhPLU5sSEdadWp3?oc=5,2026-05-12T15:08:06+00:00,2026-05-13T14:30:48.749425+00:00,en-US,[],{},,"{'feed_url': 'https://news.google.com/rss?hl=en-US&gl=US&ceid=US:en', 'guid': 'CBMimgFBVV95cUxONGMxVGxKQVJSTWg4V1ZPT2I1UFFOdVFtYVljQ0p0X0lzRnhCS2poR1ZDS3NzazRFXzdvWG5hVWgwdHhjZ29FY05YcEROUmpEM0gxaDZmeklWN2dxTUtwbDRTM292UGplLW5EdVItdzZlalBZQ2RaLWtUYWRMbm5keGRSVVJnYjZRMnJFQkZZbkhPLU5sSEdadWp3', 'published': 'Tue, 12 May 2026 15:08:06 GMT'}"
rss,Top stories - Google News,https://news.google.com/?hl=en-US&gl=US&ceid=US:en,rss:Top stories - Google News:CBMivwFBVV95cUxQWXlaSXl2M2hhTllTNE1mTk16cElPWDRfdGlBZDdMcThabGRLSnFLazNuaGM0WlpzdV96Z1pEeE9STmp4a2pJX01HbXhUaDh2TGI1aHNLQzJGYnRhSV9CaWNRYWQ4QVJUaEdydHlaRWEzQVd6NE1PLW13V1pITjVIUFJPTkpOT3ZRZkhzTkNtejhDMmxOazRXRkFtU2ZnQU1tR0doOFdxZFhlSkFNN25SQXdnRG9CUGxlcmZHdVhXcw,'A combination of amazement and horror': Hitchhiker fish hide in manta ray buttholes - Live Science,"<ol><li><a href=""https://news.google.com/rss/articles/CBMivwFBVV95cUxQWXlaSXl2M2hhTllTNE1mTk16cElPWDRfdGlBZDdMcThabGRLSnFLazNuaGM0WlpzdV96Z1pEeE9STmp4a2pJX01HbXhUaDh2TGI1aHNLQzJGYnRhSV9CaWNRYWQ4QVJUaEdydHlaRWEzQVd6NE1PLW13V1pITjVIUFJPTkpOT3ZRZkhzTkNtejhDMmxOazRXRkFtU2ZnQU1tR0doOFdxZFhlSkFNN25SQXdnRG9CUGxlcmZHdVhXcw?oc=5"" target=""_blank"">'A combination of amazement and horror': Hitchhiker fish hide in manta ray buttholes</a>&nbsp;&nbsp;<font color=""#6f6f6f"">Live Science</font></li><li><a href=""https://news.google.com/rss/articles/CBMiogFBVV95cUxQSms3Q3cwZTF0c2VDNFozazJkTVgxemVROHAzV05zdkJRaW96N3R0NEIyV2ZzNi1PM3hiNjVTZnBGRlBuWFdvUWZwWmY2VHNMb2UzYkdWbWVYSFhyRlYwd21oYjlvaTk5TDBYM3lKZnVoeUxJTjk3SE9fVDFiZUpIRUl4QU1XeHAzUWdsMElxRTBuY2pGLW5zd0o2REZ6dEtzc2c?oc=5"" target=""_blank"">A Fish That Hitches Rides Where the Sun Doesn’t Shine</a>&nbsp;&nbsp;<font color=""#6f6f6f"">The New York Times</font></li><li><a href=""https://news.google.com/rss/articles/CBMiwgFBVV95cUxOZ2dvb0k4NHJaMjgxdWY2VjlJM3VtdURwMmZ2Q3FGTzQwSl9UdEtBNHlqTlNjc29JN1ZadzZMY2hFaVZ2c2N2bnEwOGRVQ25JTnFGYk8teW9yb1ZIZUpaMjc5X0tVRllYaUNpcGJsZFFoTkliVGxrSWFnak5ycFk1TVlfYW1ZcS0yUURxOUdZc242aVotM2NrclJSQm1zVjNrb01kTXQ3ckRra29BSHY0c0kzSkZzbC0yU0ZnbFYtNFNWdw?oc=5"" target=""_blank"">""The Manta Ray Briefly Shuddered"": Remoras Filmed Entering Manta Rays' Butts For The First Time</a>&nbsp;&nbsp;<font color=""#6f6f6f"">IFLScience</font></li><li><a href=""https://news.google.com/rss/articles/CBMijAFBVV95cUxOMXp2U2hCeUc1OFpnX1AwSTYzLUdGWmtOWmNRR0s4aE12MlBOQ3pOckdpOU5sX0JGUF9uYkF0Szkzd19JTHV5a3JRQzN5OWhheUhiZ3lxZURjNDNXMGFNODh0T2N4MUpXazktaFJhS0ZrblExeTFFLUNHcFVLNzVpZnlUZllPWEJERzZqNQ?oc=5"" target=""_blank"">Are remoras the ocean's weirdest hitchhikers? These suckerfish invade manta rays in the most intimate of places</a>&nbsp;&nbsp;<font color=""#6f6f6f"">Science X</font></li><li><a href=""https://news.google.com/rss/articles/CBMiZEFVX3lxTFBnUWFQSmhvd0FnVEQzZUNzWjU3Z09LSFpqdkc3UG1NVmxmWVZ3NFhlNmJyUDNJNnNrekdkRVlUaDhCd1djQ1lqUExTTlZwcGtzdGZzQTVkNmlDWmNDakZ1RTEzR0U?oc=5"" target=""_blank"">Hiding in Plain Sight: Evidence of Echeneidae Cloacal and Gill Diving Behavior in Manta Ray Hosts</a>&nbsp;&nbsp;<font color=""#6f6f6f"">Wiley Online Library</font></li></ol>",https://news.google.com/rss/articles/CBMivwFBVV95cUxQWXlaSXl2M2hhTllTNE1mTk16cElPWDRfdGlBZDdMcThabGRLSnFLazNuaGM0WlpzdV96Z1pEeE9STmp4a2pJX01HbXhUaDh2TGI1aHNLQzJGYnRhSV9CaWNRYWQ4QVJUaEdydHlaRWEzQVd6NE1PLW13V1pITjVIUFJPTkpOT3ZRZkhzTkNtejhDMmxOazRXRkFtU2ZnQU1tR0doOFdxZFhlSkFNN25SQXdnRG9CUGxlcmZHdVhXcw?oc=5,2026-05-12T16:39:22+00:00,2026-05-13T14:30:48.749434+00:00,en-US,[],{},,"{'feed_url': 'https://news.google.com/rss?hl=en-US&gl=US&ceid=US:en', 'guid': 'CBMivwFBVV95cUxQWXlaSXl2M2hhTllTNE1mTk16cElPWDRfdGlBZDdMcThabGRLSnFLazNuaGM0WlpzdV96Z1pEeE9STmp4a2pJX01HbXhUaDh2TGI1aHNLQzJGYnRhSV9CaWNRYWQ4QVJUaEdydHlaRWEzQVd6NE1PLW13V1pITjVIUFJPTkpOT3ZRZkhzTkNtejhDMmxOazRXRkFtU2ZnQU1tR0doOFdxZFhlSkFNN25SQXdnRG9CUGxlcmZHdVhXcw', 'published': 'Tue, 12 May 2026 16:39:22 GMT'}"
rss,Top stories - Google News,https://news.google.com/?hl=en-US&gl=US&ceid=US:en,rss:Top stories - Google News:CBMi5AFBVV95cUxNMWVnQ0ZhaWJXY1FFc2lqSXJ1U25oSzhYaVVSM3JuZklFbTJuczNYT2syRl9LMUVNTlIybWd2QXdwQjhyQW1FS3FJakxUcVVPdFhlN2RTX1lqbWQtREwyN0x3UV9uaW9QYnJGN0Y2bWtkSzdSS0NGTnlhSklmZTlNXzVpZHVLWmNMdlVwX3p4azNWdkcyelQ5T2RuUE9YUWlVY3UwVFEyQk5sZExKOUMyZDNwRTB4NVZhOWVyc1JocTJpVGEtdkQwVnlBbi1EWEhNNUhOZVFPQ3duVWF1ZnNjbDRtVG4,"Americans All Negative For Hantavirus, French Patient Critically Ill (Live Updates) - Forbes","<ol><li><a href=""https://news.google.com/rss/articles/CBMi5AFBVV95cUxNMWVnQ0ZhaWJXY1FFc2lqSXJ1U25oSzhYaVVSM3JuZklFbTJuczNYT2syRl9LMUVNTlIybWd2QXdwQjhyQW1FS3FJakxUcVVPdFhlN2RTX1lqbWQtREwyN0x3UV9uaW9QYnJGN0Y2bWtkSzdSS0NGTnlhSklmZTlNXzVpZHVLWmNMdlVwX3p4azNWdkcyelQ5T2RuUE9YUWlVY3UwVFEyQk5sZExKOUMyZDNwRTB4NVZhOWVyc1JocTJpVGEtdkQwVnlBbi1EWEhNNUhOZVFPQ3duVWF1ZnNjbDRtVG4?oc=5"" target=""_blank"">Americans All Negative For Hantavirus, French Patient Critically Ill (Live Updates)</a>&nbsp;&nbsp;<font color=""#6f6f6f"">Forbes</font></li><li><a href=""https://news.google.com/rss/articles/CBMib0FVX3lxTE1pem9iYXBVZFpNcUN5NkRIU3JpQnV4LWliNkNscFk0WExNcWo4MlNKQnVMNFJOSUs3QlQtajg1WHhCbi1JRmhhWU1QeTg1RklVUDdKby1IUXRJWV9CUE1TRE41UmNDVERHeVBOOVZsWQ?oc=5"" target=""_blank"">Visualizing the hantavirus cruise outbreak in maps and charts</a>&nbsp;&nbsp;<font color=""#6f6f6f"">CNN</font></li><li><a href=""https://news.google.com/rss/articles/CBMimgFBVV95cUxNblZROXhDSW5IOXRiUDRuc3dpdWNsRlpSOVBDOEtxcHBzUHNfcUQwYzh6VVRPVDc4MHoxTEk3ZXNHV3Jsb21CMmVDM3hkMUpMUlBzRXVtNFdHOG5CXzRVc1B3V3Z6dGxCelFOMmJOQ21jX2lXM0ZzYVlpZjM5SUY1WDdvM1hKR3RZMXZpTkJfNmpEdkJ2ZEVpa3BB?oc=5"" target=""_blank"">Operator of hantavirus-hit ship is awaiting more information before deciding on vessel's cruises</a>&nbsp;&nbsp;<font color=""#6f6f6f"">AP News</font></li><li><a href=""https://news.google.com/rss/articles/CBMikgFBVV95cUxNQ09LNE9QN2RzZ2h5eEhiZnM3X3A3ZDdkOVdyUnRYeHhYNG1jTXREQXpCNUc0R00tbmVYUTdwMGQwNmRyTFIxSTg4VnlFQ2NiU19QSVp5azBGc3gwTFUzRnh2WkVRckN6UkZ4cGZhaXk1b1dpX3lxc0lNY3NUZC1MdWd6ckFMeDlCU3J0YzVBczc4QQ?oc=5"" target=""_blank"">Inside the Hantavirus Quarantine Unit in Nebraska Where 15 Americans Wait</a>&nbsp;&nbsp;<font color=""#6f6f6f"">The New York Times</font></li><li><a href=""https://news.google.com/rss/articles/CBMimgFBVV95cUxPazhIZ2VWeWNEd2k3eHVyckZfTGpYSlNfVHNOT3VFMkZYd29mYjJMT29iZy1jTjVnMDVsSFRIeENsekRDemMxZXItdlpybUtqbjA0bnFIVG9JTFhxY3RyNkZNSmZHX0RfSklIU1lhNElTbUJNbUxBMWtzVVo5VjFPQXJvUklNSnNCQjJUVlNESFFqT21BelFwRzB3?oc=5"" target=""_blank"">Hantavirus outbreak origin still a mystery, medical experts address theories</a>&nbsp;&nbsp;<font color=""#6f6f6f"">6abc Philadelphia</font></li></ol>",https://news.google.com/rss/articles/CBMi5AFBVV95cUxNMWVnQ0ZhaWJXY1FFc2lqSXJ1U25oSzhYaVVSM3JuZklFbTJuczNYT2syRl9LMUVNTlIybWd2QXdwQjhyQW1FS3FJakxUcVVPdFhlN2RTX1lqbWQtREwyN0x3UV9uaW9QYnJGN0Y2bWtkSzdSS0NGTnlhSklmZTlNXzVpZHVLWmNMdlVwX3p4azNWdkcyelQ5T2RuUE9YUWlVY3UwVFEyQk5sZExKOUMyZDNwRTB4NVZhOWVyc1JocTJpVGEtdkQwVnlBbi1EWEhNNUhOZVFPQ3duVWF1ZnNjbDRtVG4?oc=5,2026-05-13T13:02:00+00:00,2026-05-13T14:30:48.749442+00:00,en-US,[],{},,"{'feed_url': 'https://news.google.com/rss?hl=en-US&gl=US&ceid=US:en', 'guid': 'CBMi5AFBVV95cUxNMWVnQ0ZhaWJXY1FFc2lqSXJ1U25oSzhYaVVSM3JuZklFbTJuczNYT2syRl9LMUVNTlIybWd2QXdwQjhyQW1FS3FJakxUcVVPdFhlN2RTX1lqbWQtREwyN0x3UV9uaW9QYnJGN0Y2bWtkSzdSS0NGTnlhSklmZTlNXzVpZHVLWmNMdlVwX3p4azNWdkcyelQ5T2RuUE9YUWlVY3UwVFEyQk5sZExKOUMyZDNwRTB4NVZhOWVyc1JocTJpVGEtdkQwVnlBbi1EWEhNNUhOZVFPQ3duVWF1ZnNjbDRtVG4', 'published': 'Wed, 13 May 2026 13:02:00 GMT'}"
rss,Top stories - Google News,https://news.google.com/?hl=en-US&gl=US&ceid=US:en,rss:Top stories - Google News:CBMirgFBVV95cUxOUTNNeVo5NlNvYnpxZ2haWF9NQTJ5Q0tvbzJkZjVYSWhtZ29SeUQ4Y1ZmRUpackE0d1R6NVN4RmRZbjg1UUpYM0g3MVJ4UWFoQ21GUENCYmt0TFdfQUlxb2Eyc3FhZWxLMUltbWp3WW5uZjlLVzFVWGFRaDFPd0kzN2h1enlrb2JFdHMyeDFKZGhLZ2cxM1o0bGVZSWxHcF9ta21QaXp2VGFabFBMRGc,Is hantavirus a pandemic risk? Medical experts discuss comparison to COVID-19 - WCPO 9 Cincinnati,"<ol><li><a href=""https://news.google.com/rss/articles/CBMirgFBVV95cUxOUTNNeVo5NlNvYnpxZ2haWF9NQTJ5Q0tvbzJkZjVYSWhtZ29SeUQ4Y1ZmRUpackE0d1R6NVN4RmRZbjg1UUpYM0g3MVJ4UWFoQ21GUENCYmt0TFdfQUlxb2Eyc3FhZWxLMUltbWp3WW5uZjlLVzFVWGFRaDFPd0kzN2h1enlrb2JFdHMyeDFKZGhLZ2cxM1o0bGVZSWxHcF9ta21QaXp2VGFabFBMRGc?oc=5"" target=""_blank"">Is hantavirus a pandemic risk? Medical experts discuss comparison to COVID-19</a>&nbsp;&nbsp;<font color=""#6f6f6f"">WCPO 9 Cincinnati</font></li><li><a href=""https://news.google.com/rss/articles/CBMiggFBVV95cUxOQjFFZmdjQnpkaTlZYzZjVjlvU1UzcTlHNFBwamV0WU9FYWVuT1hMSmdtTzhza25wSzRlNkYxdl9xUVZaMXRWMnZJMnh1eHExaXZjaEFfS0VFQWI0cmI5b29hLWhiWlMzeFNuNnQ0Vkp0YjNrT1dZeHJkMEJiNFo1eG1B?oc=5"" target=""_blank"">The Hantavirus Outbreak Is Resurrecting Covid-Era Misinformation Tactics</a>&nbsp;&nbsp;<font color=""#6f6f6f"">The New York Times</font></li><li><a href=""https://news.google.com/rss/articles/CBMikAFBVV95cUxPRVBkMHZRYVZhaC1JSURmY3U5NmRoWUR3cEgwX1h1UEJib1lvUnh4ODQ5YVNnNGFNR3NsdE9SNkpTbzlnc2lhQ2NqcTVQRXpoUmhUYkZiUnBNWl9oUGdkNEplbndQbUNUV3hoZjFKdFNGZHA4N1dCb2V5Y0hzRUFEYy0yTU9TZks2UVVBOXlqVWc?oc=5"" target=""_blank"">Hantavirus is not Covid-19, but ‘calm-mongering’ risks triggering post-Covid anxiety</a>&nbsp;&nbsp;<font color=""#6f6f6f"">CNN</font></li><li><a href=""https://news.google.com/rss/articles/CBMimwFBVV95cUxNd2JrU2VOOThlaDM0OUVUdVNCemE5SlF1aGNvNGFlOWYwZTI4OVJiTWFjYzFXV1lvSTl3Y2pQTWZSSHA2cmxVQ3JTQTNmdFlMdWFTM3hrVm94TWwycWdZRFh4cGtIaXRrQXRVa1g1XzNqVkpJOHNwaXpzaVhlOHJxR1VXR3J0X2ppNWtKYlkxTlp5UzJ5ZFlMMHZ6Y9IBoAFBVV95cUxQeTQ1bGdNMFNPWVJTZC0wckg2N3VNWkhNMDdkQ3RhVDlhazFDYnBrQ0lQekdqSGZBYWRWUjE0RnFLNDhkRHZONXIwTU8tNVItSTduRzVtMXpUU1UyOTBHZ2pqdUROWWw2dnlRQzRoOWJvS1hFUXFWRUF5Z1FMZ1JMaE92a1gyYTZwS01EWXNPTnZ2RmZ4NzRsS3JucnF2TlFI?oc=5"" target=""_blank"">Why the hantavirus outbreak is different from COVID-19</a>&nbsp;&nbsp;<font color=""#6f6f6f"">Al Jazeera</font></li><li><a href=""https://news.google.com/rss/articles/CBMikAFBVV95cUxQaWFvSkkyVV9IV2R0NEg3UGtkN1RlX1hJRURmaXZFa29UaEoxSDNGQzAtOG5aY1M5eDNfVGpOdDhWclRXZ296MjJJMFJITlFWTXk3NU9EZlNoMUdoNVd4MHg3WTRNNHkySXNiWVF2OXREa3hLUTdmZlNkdnVDVTNiR3p2ZGhZVGItalpmVW9zRHg?oc=5"" target=""_blank"">Hantavirus Cruise Ship Outbreak: What We Know So Far</a>&nbsp;&nbsp;<font color=""#6f6f6f"">the-scientist.com</font></li></ol>",https://news.google.com/rss/articles/CBMirgFBVV95cUxOUTNNeVo5NlNvYnpxZ2haWF9NQTJ5Q0tvbzJkZjVYSWhtZ29SeUQ4Y1ZmRUpackE0d1R6NVN4RmRZbjg1UUpYM0g3MVJ4UWFoQ21GUENCYmt0TFdfQUlxb2Eyc3FhZWxLMUltbWp3WW5uZjlLVzFVWGFRaDFPd0kzN2h1enlrb2JFdHMyeDFKZGhLZ2cxM1o0bGVZSWxHcF9ta21QaXp2VGFabFBMRGc?oc=5,2026-05-13T02:15:06+00:00,2026-05-13T14:30:48.749451+00:00,en-US,[],{},,"{'feed_url': 'https://news.google.com/rss?hl=en-US&gl=US&ceid=US:en', 'guid': 'CBMirgFBVV95cUxOUTNNeVo5NlNvYnpxZ2haWF9NQTJ5Q0tvbzJkZjVYSWhtZ29SeUQ4Y1ZmRUpackE0d1R6NVN4RmRZbjg1UUpYM0g3MVJ4UWFoQ21GUENCYmt0TFdfQUlxb2Eyc3FhZWxLMUltbWp3WW5uZjlLVzFVWGFRaDFPd0kzN2h1enlrb2JFdHMyeDFKZGhLZ2cxM1o0bGVZSWxHcF9ta21QaXp2VGFabFBMRGc', 'published': 'Wed, 13 May 2026 02:15:06 GMT'}"
rss,Top stories - Google News,https://news.google.com/?hl=en-US&gl=US&ceid=US:en,rss:Top stories - Google News:CBMikAFBVV95cUxNdy1iQjBwRnhoUGRfNXdGeHE2YWxWUlA2bk5pVElFXzBqTGRFa3FHbzNDaFZyeG5aM3MzTW5YdUlKcEZ6SHJDSnlHQklPU3JvS1pSNTJlUlA1aWQydDdJSXZGUDMwQkJZRWtFcWNKeGY5cFVOWFo0ZTRWOHoxdWRqMEFPbDMtNjJrU0pIa0lobGg,"PCOS Is Officially Renamed, After Decades of Misinformation - ScienceAlert","<ol><li><a href=""https://news.google.com/rss/articles/CBMikAFBVV95cUxNdy1iQjBwRnhoUGRfNXdGeHE2YWxWUlA2bk5pVElFXzBqTGRFa3FHbzNDaFZyeG5aM3MzTW5YdUlKcEZ6SHJDSnlHQklPU3JvS1pSNTJlUlA1aWQydDdJSXZGUDMwQkJZRWtFcWNKeGY5cFVOWFo0ZTRWOHoxdWRqMEFPbDMtNjJrU0pIa0lobGg?oc=5"" target=""_blank"">PCOS Is Officially Renamed, After Decades of Misinformation</a>&nbsp;&nbsp;<font color=""#6f6f6f"">ScienceAlert</font></li><li><a href=""https://news.google.com/rss/articles/CBMid0FVX3lxTE9IRXNUQW9aWlhPbGF5bmVTUWp6U29wVTNoODZpODU0dkVSV1lwc0o0UmRfbkVZb0tLUVJiVUtIaTRWclhIYkZ0UUhUbU9LWVp3WFJmNlZWU2ZEUmNWU2tIdUI2WHFSZkRnOVJJdXh4M0E3V2JEWDZN?oc=5"" target=""_blank"">PCOS, a condition impacting 1 in 10 women worldwide, gets a new name</a>&nbsp;&nbsp;<font color=""#6f6f6f"">CNN</font></li><li><a href=""https://news.google.com/rss/articles/CBMigAFBVV95cUxQQnBhNFBBOVdyQTV1dUFZMTlsV1VDX0U0ZzIzMWpwSFpNNXRzR1U5N0h5UDdISzVRS1FHS1FqNkpMUExkQWx3UW4ybGQ5TktpTUVJUHlWd3NsQ29LSkdzYktHZzJjdDE5bzZ2ZHMzWWo2UERFMlhMQ2w0N1NUZENpMA?oc=5"" target=""_blank"">Polyendocrine Metabolic Ovarian Syndrome: New name to improve diagnosis and care of condition affecting 170 million women worldwide</a>&nbsp;&nbsp;<font color=""#6f6f6f"">Endocrine Society</font></li><li><a href=""https://news.google.com/rss/articles/CBMikgFBVV95cUxOa0dGM2IxNXlzNXQwNUV3SG1rei1mc196MjRtWEc1bHlIUGJZSVNfMjdfZ0tlM2prelhfRkFoSjJjZVlDaWxkNXpjaHJXdW05MTJwVUZSNEstb2duWXJfd09DZkJ2WTRYMElRUW1lTTZycmZwa3BRZTJTYWVmUUhrT3FJTlBkQzZpMGFLYmdhc3M5QQ?oc=5"" target=""_blank"">P.C.O.S. Has Been Renamed P.M.O.S. Doctors Hope It Will Improve Care for Millions.</a>&nbsp;&nbsp;<font color=""#6f6f6f"">The New York Times</font></li><li><a href=""https://news.google.com/rss/articles/CBMiwAFBVV95cUxNM2RxOFUxdEhXdkhoTVJEaUVwVjN6TXFEN0JXbV8zWkdWMjlTSHpqd2loX1dnaXNNN2FrVmsxU082MDAyb3I5aVk3UklhR3pmVjFIcnB6c2o4bWpYOFVqeFNkZEZPZlVPMmFSMHA2ZzN5OC1pdEVSVWhaR09UTElQU1NWanpGZGEtV1JjNXUydHZKc0NkcHJ4NmV3VUtjNkZ0LXhOaWlxNkxMVGU3NlhDc1k4R2VTNWdLY1M5MTBLNG4?oc=5"" target=""_blank"">'The name was inaccurate': PCOS gets a new name after years-long effort</a>&nbsp;&nbsp;<font color=""#6f6f6f"">Live Science</font></li></ol>",https://news.google.com/rss/articles/CBMikAFBVV95cUxNdy1iQjBwRnhoUGRfNXdGeHE2YWxWUlA2bk5pVElFXzBqTGRFa3FHbzNDaFZyeG5aM3MzTW5YdUlKcEZ6SHJDSnlHQklPU3JvS1pSNTJlUlA1aWQydDdJSXZGUDMwQkJZRWtFcWNKeGY5cFVOWFo0ZTRWOHoxdWRqMEFPbDMtNjJrU0pIa0lobGg?oc=5,2026-05-13T11:03:46+00:00,2026-05-13T14:30:48.749459+00:00,en-US,[],{},,"{'feed_url': 'https://news.google.com/rss?hl=en-US&gl=US&ceid=US:en', 'guid': 'CBMikAFBVV95cUxNdy1iQjBwRnhoUGRfNXdGeHE2YWxWUlA2bk5pVElFXzBqTGRFa3FHbzNDaFZyeG5aM3MzTW5YdUlKcEZ6SHJDSnlHQklPU3JvS1pSNTJlUlA1aWQydDdJSXZGUDMwQkJZRWtFcWNKeGY5cFVOWFo0ZTRWOHoxdWRqMEFPbDMtNjJrU0pIa0lobGg', 'published': 'Wed, 13 May 2026 11:03:46 GMT'}"
rss,Top stories - Google News,https://news.google.com/?hl=en-US&gl=US&ceid=US:en,rss:Top stories - Google News:CBMiugFBVV95cUxObzZTSjBjNUZJSnk4M09KTzlGVjJBaVI1WTJoSmVTR3FKQmZkeEVNR3JWLWNpdk0tUlA5ajJYOFJ0aWFaZTRRVDFNTUI4VFFWMjBjeWlhS2pZWHlUWkZQbEl1WC1QdlRZN3RTMzJPR0p0MHc3YjNVSm9Fb3pZQVFyai1UdnNrVnBVNEtBaEhoN2gtbW4yVmplVkpyNW12UkxCeW1DaUJYWVVfYlhBTjVZek9MdDdKSGNoTlE,Health officials are monitoring Minnesotan potentially exposed to hantavirus - MPR News,"<ol><li><a href=""https://news.google.com/rss/articles/CBMiugFBVV95cUxObzZTSjBjNUZJSnk4M09KTzlGVjJBaVI1WTJoSmVTR3FKQmZkeEVNR3JWLWNpdk0tUlA5ajJYOFJ0aWFaZTRRVDFNTUI4VFFWMjBjeWlhS2pZWHlUWkZQbEl1WC1QdlRZN3RTMzJPR0p0MHc3YjNVSm9Fb3pZQVFyai1UdnNrVnBVNEtBaEhoN2gtbW4yVmplVkpyNW12UkxCeW1DaUJYWVVfYlhBTjVZek9MdDdKSGNoTlE?oc=5"" target=""_blank"">Health officials are monitoring Minnesotan potentially exposed to hantavirus</a>&nbsp;&nbsp;<font color=""#6f6f6f"">MPR News</font></li><li><a href=""https://news.google.com/rss/articles/CBMizgFBVV95cUxOeC1KelhDajJnOFpvMFZ2bXhER3RER2g5OFRDeXhDNk4yNjQyTnI3T2Y5WFBzUTdrejZuNU5kVUhYb0VCVl9GOTNncE83U3J6eGQ5QnA5aEtib3lobnQtcnZqVElweTdVYUEwMEZ3ZTI3MGI4MVRBWl9aWkduc1FVdVZSNk5lcENUc21yWHZidlJRUWxZYjFaMDRxZ0lEMkdHQzBveWNTNVVtVzlBa09OWFBhQnF4cnpDZG1zUk4xMjJpaThQeFJzenpWYXlhUdIB4gFBVV95cUxNRVE4d1hjdlp0UndBN25MN2huNUsxTk1QMHNiMjYycEVSS2VNNU15ZmRYNGZTTUhEb2NuWnNmTW1kUFplWTFNaVo2dWpiOTBfMy1TT2MyS0l4ZUtkX2R1aXJLdkY0T0YwY2hBSEpuaWM5VzJYdjd2QzF0dWVURVAySU5Td3JkS2xISTNUcHptZnhSRTI2RGZBZkl3LUlVdHJRaEF0c0dOcGtveEd3MmdlcTk3bzBMSHViTDVvNHFYT1RwVkYyNDRVaHVSX2FodjNjbEVxSk0xYmRIQmRRSUtoSFN3?oc=5"" target=""_blank"">Kansas health officials monitor 3 people exposed to cruise ship passenger infected with hantavirus</a>&nbsp;&nbsp;<font color=""#6f6f6f"">KCTV</font></li><li><a href=""https://news.google.com/rss/articles/CBMivwFBVV95cUxOZWdIbzNTMEUtM1BEcl92b1hjcjJaN2dXNEk3UmhOTmF6emhTUEY3TE5hQ1F6elRqeVZOMVVlVldQWlNiLXlnamNDZ1VQQmtBMHhzY2dkZW9zc3VqenlTYlNHRUNURWs3Z2xoVUdqLVB4elVpQjc5dDhfU3FQOTBoeFZ4SFZXV01OdHFsZ0MyYUFrWnRIT3FRWUM1bGQ0SmJuVEZqQW9YSHlKb2hUMTJDZy02dzY2bWhUSFdMMlNZWQ?oc=5"" target=""_blank"">Minnesotan being monitored for potential exposure to hantavirus</a>&nbsp;&nbsp;<font color=""#6f6f6f"">kare11.com</font></li><li><a href=""https://news.google.com/rss/articles/CBMidEFVX3lxTE9iQjNTekN3VmFsR2Z4QktETi1Cei1mSHo3aDNsUTBvZURORGZ4NjZseVFTRHdQYVRlVGFjQTQxUFVGeEl6N1V3TTI4QkMwMFhCY0xKUVNRNWpZVzVjREJaWDRYTDR0THdxd3lwZk1ZX0E3RmlE?oc=5"" target=""_blank"">3 Kansans are being monitored for hantavirus. Here’s what we know</a>&nbsp;&nbsp;<font color=""#6f6f6f"">Kansas City Star</font></li><li><a href=""https://news.google.com/rss/articles/CBMivgFBVV95cUxNZXFNdTBWa2JFdURhY1VZLWFPTFJEd1JpQWhZbENrQlUwUmJsMmJrX1NJVi1rYUoxTkhsemdiV2hLTHp3RzMtb0JJbkVwOEJFanhDbV9yTzNUWU0xbzdUZkI4N3EwX3RoWkVTOTNLQ1NRMjBuTTFLSVFtcmhnV3dCeUllSnhvc2phYVA0emxLenBDZFNPNURsOFN3WjRkbHFjeWdpYnJXbnhQMnFpellDb1dWczZISUlnMm5mZHhn?oc=5"" target=""_blank"">3 King County residents possibly exposed to hantavirus linked to cruise</a>&nbsp;&nbsp;<font color=""#6f6f6f"">The Seattle Times</font></li></ol>",https://news.google.com/rss/articles/CBMiugFBVV95cUxObzZTSjBjNUZJSnk4M09KTzlGVjJBaVI1WTJoSmVTR3FKQmZkeEVNR3JWLWNpdk0tUlA5ajJYOFJ0aWFaZTRRVDFNTUI4VFFWMjBjeWlhS2pZWHlUWkZQbEl1WC1QdlRZN3RTMzJPR0p0MHc3YjNVSm9Fb3pZQVFyai1UdnNrVnBVNEtBaEhoN2gtbW4yVmplVkpyNW12UkxCeW1DaUJYWVVfYlhBTjVZek9MdDdKSGNoTlE?oc=5,2026-05-12T22:00:00+00:00,2026-05-13T14:30:48.749467+00:00,en-US,[],{},,"{'feed_url': 'https://news.google.com/rss?hl=en-US&gl=US&ceid=US:en', 'guid': 'CBMiugFBVV95cUxObzZTSjBjNUZJSnk4M09KTzlGVjJBaVI1WTJoSmVTR3FKQmZkeEVNR3JWLWNpdk0tUlA5ajJYOFJ0aWFaZTRRVDFNTUI4VFFWMjBjeWlhS2pZWHlUWkZQbEl1WC1QdlRZN3RTMzJPR0p0MHc3YjNVSm9Fb3pZQVFyai1UdnNrVnBVNEtBaEhoN2gtbW4yVmplVkpyNW12UkxCeW1DaUJYWVVfYlhBTjVZek9MdDdKSGNoTlE', 'published': 'Tue, 12 May 2026 22:00:00 GMT'}"
